rule,portfolio,band,value_class,verdict,share,lo99,hi99,n
old,actual,1-3,B,dominance_positive,0.7777777777777778,0.6411210687555745,0.9015176817288801,495
old,actual,1-3,B,reversal,0.03434343434343434,0.0042916620813616526,0.07378784330021536,495
old,actual,1-3,B,negligible,0.07272727272727272,0.001980158885453763,0.17148074257042528,495
old,actual,1-3,B,unresolved,0.11515151515151516,0.03658381092007642,0.20305745087336247,495
old,actual,1-3,C,dominance_positive,0.7777777777777778,0.6411210687555745,0.9015176817288801,495
old,actual,1-3,C,reversal,0.03434343434343434,0.0042916620813616526,0.07378784330021536,495
old,actual,1-3,C,negligible,0.07272727272727272,0.001980158885453763,0.17148074257042528,495
old,actual,1-3,C,unresolved,0.11515151515151516,0.03658381092007642,0.20305745087336247,495
old,actual,1-3,B_pm,dominance_positive,0.6080808080808081,0.3605764764496226,0.8235294117647058,495
old,actual,1-3,B_pm,reversal,0.028282828282828285,0.004201417518990896,0.05838373138161281,495
old,actual,1-3,B_pm,negligible,0.0707070707070707,0.001980158885453763,0.16635475740390682,495
old,actual,1-3,B_pm,unresolved,0.29292929292929293,0.1196696669179603,0.45309498434324014,495
old,actual,1-3,C_pm,dominance_positive,0.6080808080808081,0.3605764764496226,0.8235294117647058,495
old,actual,1-3,C_pm,reversal,0.028282828282828285,0.004201417518990896,0.05838373138161281,495
old,actual,1-3,C_pm,negligible,0.0707070707070707,0.001980158885453763,0.16635475740390682,495
old,actual,1-3,C_pm,unresolved,0.29292929292929293,0.1196696669179603,0.45309498434324014,495
old,actual,4-10,B,dominance_positive,0.8717277486910995,0.7924822583498791,0.9446890434338557,1146
old,actual,4-10,B,reversal,0.041884816753926704,0.017184661917140014,0.07486931213969894,1146
old,actual,4-10,B,negligible,0.07504363001745201,0.025060441614493573,0.13167954010817043,1146
old,actual,4-10,B,unresolved,0.011343804537521814,0.0,0.029746609483612824,1146
old,actual,4-10,C,dominance_positive,0.8717277486910995,0.7924822583498791,0.9446890434338557,1146
old,actual,4-10,C,reversal,0.041884816753926704,0.017184661917140014,0.07486931213969894,1146
old,actual,4-10,C,negligible,0.07504363001745201,0.025060441614493573,0.13167954010817043,1146
old,actual,4-10,C,unresolved,0.011343804537521814,0.0,0.029746609483612824,1146
old,actual,4-10,B_pm,dominance_positive,0.7879581151832461,0.6551036543654366,0.9028280493107397,1146
old,actual,4-10,B_pm,reversal,0.027050610820244327,0.008892445881613222,0.05116025689555106,1146
old,actual,4-10,B_pm,negligible,0.07329842931937172,0.02270743061736084,0.1308598355069261,1146
old,actual,4-10,B_pm,unresolved,0.11169284467713787,0.0457611658268438,0.1898412656766543,1146
old,actual,4-10,C_pm,dominance_positive,0.7879581151832461,0.6551036543654366,0.9028280493107397,1146
old,actual,4-10,C_pm,reversal,0.027050610820244327,0.008892445881613222,0.05116025689555106,1146
old,actual,4-10,C_pm,negligible,0.07329842931937172,0.02270743061736084,0.1308598355069261,1146
old,actual,4-10,C_pm,unresolved,0.11169284467713787,0.0457611658268438,0.1898412656766543,1146
old,actual,11-16,B,dominance_positive,0.7822085889570553,0.6562832303974222,0.8985721047486754,978
old,actual,11-16,B,reversal,0.028629856850715747,0.001985691598499223,0.0712088810637758,978
old,actual,11-16,B,negligible,0.17586912065439672,0.08110330845624963,0.2910071551936837,978
old,actual,11-16,B,unresolved,0.013292433537832311,0.0,0.041668250950570376,978
old,actual,11-16,C,dominance_positive,0.7822085889570553,0.6562832303974222,0.8985721047486754,978
old,actual,11-16,C,reversal,0.028629856850715747,0.001985691598499223,0.0712088810637758,978
old,actual,11-16,C,negligible,0.17586912065439672,0.08110330845624963,0.2910071551936837,978
old,actual,11-16,C,unresolved,0.013292433537832311,0.0,0.041668250950570376,978
old,actual,11-16,B_pm,dominance_positive,0.7494887525562373,0.6204160869732868,0.8843370731597515,978
old,actual,11-16,B_pm,reversal,0.018404907975460124,0.000996891100098719,0.04343613707165113,978
old,actual,11-16,B_pm,negligible,0.16257668711656442,0.0782024983998101,0.27342105263157895,978
old,actual,11-16,B_pm,unresolved,0.06952965235173825,0.012948115118085883,0.14033402905701534,978
old,actual,11-16,C_pm,dominance_positive,0.7494887525562373,0.6204160869732868,0.8843370731597515,978
old,actual,11-16,C_pm,reversal,0.018404907975460124,0.000996891100098719,0.04343613707165113,978
old,actual,11-16,C_pm,negligible,0.16257668711656442,0.0782024983998101,0.27342105263157895,978
old,actual,11-16,C_pm,unresolved,0.06952965235173825,0.012948115118085883,0.14033402905701534,978
old,actual,17-30,B,dominance_positive,0.6012296881862099,0.41422097202687924,0.757953337170055,2277
old,actual,17-30,B,reversal,0.034255599472990776,0.007524394179428508,0.0897676266378886,2277
old,actual,17-30,B,negligible,0.35924462011418534,0.23041375523012553,0.5045398462246289,2277
old,actual,17-30,B,unresolved,0.005270092226613966,0.0,0.013386880856760375,2277
old,actual,17-30,C,dominance_positive,0.6012296881862099,0.41422097202687924,0.757953337170055,2277
old,actual,17-30,C,reversal,0.034255599472990776,0.007524394179428508,0.0897676266378886,2277
old,actual,17-30,C,negligible,0.35924462011418534,0.23041375523012553,0.5045398462246289,2277
old,actual,17-30,C,unresolved,0.005270092226613966,0.0,0.013386880856760375,2277
old,actual,17-30,B_pm,dominance_positive,0.5832235397452789,0.3859527887932046,0.7518868762542738,2277
old,actual,17-30,B_pm,reversal,0.026350461133069828,0.004346153846153854,0.07124293689867106,2277
old,actual,17-30,B_pm,negligible,0.34299516908212563,0.21805763592012828,0.4827767341820294,2277
old,actual,17-30,B_pm,unresolved,0.04743083003952569,0.014736172950714197,0.08170579383711353,2277
old,actual,17-30,C_pm,dominance_positive,0.5832235397452789,0.3859527887932046,0.7518868762542738,2277
old,actual,17-30,C_pm,reversal,0.026350461133069828,0.004346153846153854,0.07124293689867106,2277
old,actual,17-30,C_pm,negligible,0.34299516908212563,0.21805763592012828,0.4827767341820294,2277
old,actual,17-30,C_pm,unresolved,0.04743083003952569,0.014736172950714197,0.08170579383711353,2277
old,own,1-3,B,dominance_positive,0.9757575757575757,0.9407095522870536,0.9979508615776593,495
old,own,1-3,B,reversal,0.0,0.0,0.0,495
old,own,1-3,B,negligible,0.024242424242424242,0.0020491384223406753,0.05929044771294654,495
old,own,1-3,B,unresolved,0.0,0.0,0.0,495
old,own,1-3,C,dominance_positive,0.9757575757575757,0.9407095522870536,0.9979508615776593,495
old,own,1-3,C,reversal,0.0,0.0,0.0,495
old,own,1-3,C,negligible,0.024242424242424242,0.0020491384223406753,0.05929044771294654,495
old,own,1-3,C,unresolved,0.0,0.0,0.0,495
old,own,1-3,B_pm,dominance_positive,0.9777777777777777,0.94140625,1.0,495
old,own,1-3,B_pm,reversal,0.0,0.0,0.0,495
old,own,1-3,B_pm,negligible,0.022222222222222223,0.0,0.05859375,495
old,own,1-3,B_pm,unresolved,0.0,0.0,0.0,495
old,own,1-3,C_pm,dominance_positive,0.9777777777777777,0.94140625,1.0,495
old,own,1-3,C_pm,reversal,0.0,0.0,0.0,495
old,own,1-3,C_pm,negligible,0.022222222222222223,0.0,0.05859375,495
old,own,1-3,C_pm,unresolved,0.0,0.0,0.0,495
old,own,4-10,B,dominance_positive,0.9729493891797557,0.9380669029685423,0.9964943032427696,1146
old,own,4-10,B,reversal,0.0,0.0,0.0,1146
old,own,4-10,B,negligible,0.02530541012216405,0.0026999814852366817,0.06111731175914666,1146
old,own,4-10,B,unresolved,0.0017452006980802793,0.0,0.008921402502606885,1146
old,own,4-10,C,dominance_positive,0.9729493891797557,0.9380669029685423,0.9964943032427696,1146
old,own,4-10,C,reversal,0.0,0.0,0.0,1146
old,own,4-10,C,negligible,0.02530541012216405,0.0026999814852366817,0.06111731175914666,1146
old,own,4-10,C,unresolved,0.0017452006980802793,0.0,0.008921402502606885,1146
old,own,4-10,B_pm,dominance_positive,0.9642233856893543,0.9292648133837382,0.993686956679933,1146
old,own,4-10,B_pm,reversal,0.0,0.0,0.0,1146
old,own,4-10,B_pm,negligible,0.02268760907504363,0.0026131496806039494,0.05396090607578861,1146
old,own,4-10,B_pm,unresolved,0.013089005235602094,0.0,0.04386090900500806,1146
old,own,4-10,C_pm,dominance_positive,0.9642233856893543,0.9292648133837382,0.993686956679933,1146
old,own,4-10,C_pm,reversal,0.0,0.0,0.0,1146
old,own,4-10,C_pm,negligible,0.02268760907504363,0.0026131496806039494,0.05396090607578861,1146
old,own,4-10,C_pm,unresolved,0.013089005235602094,0.0,0.04386090900500806,1146
old,own,11-16,B,dominance_positive,0.9959100204498977,0.9874757642198344,1.0,978
old,own,11-16,B,reversal,0.0,0.0,0.0,978
old,own,11-16,B,negligible,0.00408997955010225,0.0,0.012524235780165621,978
old,own,11-16,B,unresolved,0.0,0.0,0.0,978
old,own,11-16,C,dominance_positive,0.9959100204498977,0.9874757642198344,1.0,978
old,own,11-16,C,reversal,0.0,0.0,0.0,978
old,own,11-16,C,negligible,0.00408997955010225,0.0,0.012524235780165621,978
old,own,11-16,C,unresolved,0.0,0.0,0.0,978
old,own,11-16,B_pm,dominance_positive,0.9703476482617587,0.9383345409745127,0.9940000599400599,978
old,own,11-16,B_pm,reversal,0.0,0.0,0.0,978
old,own,11-16,B_pm,negligible,0.003067484662576687,0.0,0.00949370093884862,978
old,own,11-16,B_pm,unresolved,0.026584867075664622,0.0029612110018440636,0.056783138491989876,978
old,own,11-16,C_pm,dominance_positive,0.9703476482617587,0.9383345409745127,0.9940000599400599,978
old,own,11-16,C_pm,reversal,0.0,0.0,0.0,978
old,own,11-16,C_pm,negligible,0.003067484662576687,0.0,0.00949370093884862,978
old,own,11-16,C_pm,unresolved,0.026584867075664622,0.0029612110018440636,0.056783138491989876,978
old,own,17-30,B,dominance_positive,0.9705753184014053,0.9397267019283093,0.994530992179836,2277
old,own,17-30,B,reversal,0.0,0.0,0.0,2277
old,own,17-30,B,negligible,0.029424681598594644,0.005469007820163995,0.06027329807169068,2277
old,own,17-30,B,unresolved,0.0,0.0,0.0,2277
old,own,17-30,C,dominance_positive,0.9705753184014053,0.9397267019283093,0.994530992179836,2277
old,own,17-30,C,reversal,0.0,0.0,0.0,2277
old,own,17-30,C,negligible,0.029424681598594644,0.005469007820163995,0.06027329807169068,2277
old,own,17-30,C,unresolved,0.0,0.0,0.0,2277
old,own,17-30,B_pm,dominance_positive,0.9639877031181379,0.9313113862108187,0.9907923548639033,2277
old,own,17-30,B_pm,reversal,0.0,0.0,0.0,2277
old,own,17-30,B_pm,negligible,0.026350461133069828,0.004965172667743877,0.05389501171811864,2277
old,own,17-30,B_pm,unresolved,0.00966183574879227,0.0020676971623632464,0.01841064522336884,2277
old,own,17-30,C_pm,dominance_positive,0.9639877031181379,0.9313113862108187,0.9907923548639033,2277
old,own,17-30,C_pm,reversal,0.0,0.0,0.0,2277
old,own,17-30,C_pm,negligible,0.026350461133069828,0.004965172667743877,0.05389501171811864,2277
old,own,17-30,C_pm,unresolved,0.00966183574879227,0.0020676971623632464,0.01841064522336884,2277
new,actual,1-3,B,dominance_positive,0.10303030303030303,0.03983984538981252,0.18348890032473877,495
new,actual,1-3,B,reversal,0.5535353535353535,0.3082006549232159,0.7733380952380954,495
new,actual,1-3,B,negligible,0.23030303030303031,0.09523612750885478,0.3925448014207298,495
new,actual,1-3,B,unresolved,0.11313131313131314,0.046607388259930646,0.19067894325409518,495
new,actual,1-3,C,dominance_positive,0.10303030303030303,0.03983984538981252,0.18348890032473877,495
new,actual,1-3,C,reversal,0.5535353535353535,0.3082006549232159,0.7733380952380954,495
new,actual,1-3,C,negligible,0.23030303030303031,0.09523612750885478,0.3925448014207298,495
new,actual,1-3,C,unresolved,0.11313131313131314,0.046607388259930646,0.19067894325409518,495
new,actual,1-3,B_pm,dominance_positive,0.06666666666666667,0.021525998348825834,0.12605224338256016,495
new,actual,1-3,B_pm,reversal,0.47474747474747475,0.266528489351208,0.6476259079903149,495
new,actual,1-3,B_pm,negligible,0.18383838383838383,0.07142707397424379,0.3197572399775435,495
new,actual,1-3,B_pm,unresolved,0.27474747474747474,0.1761317567567568,0.3736268402510441,495
new,actual,1-3,C_pm,dominance_positive,0.06666666666666667,0.021525998348825834,0.12605224338256016,495
new,actual,1-3,C_pm,reversal,0.47474747474747475,0.266528489351208,0.6476259079903149,495
new,actual,1-3,C_pm,negligible,0.18383838383838383,0.07142707397424379,0.3197572399775435,495
new,actual,1-3,C_pm,unresolved,0.27474747474747474,0.1761317567567568,0.3736268402510441,495
new,actual,4-10,B,dominance_positive,0.43106457242582896,0.2142154878471273,0.6320890316315277,1146
new,actual,4-10,B,reversal,0.2094240837696335,0.12622188418323252,0.27541431814451073,1146
new,actual,4-10,B,negligible,0.3080279232111693,0.1621575960514014,0.4338836798713567,1146
new,actual,4-10,B,unresolved,0.05148342059336824,0.011101527821091625,0.13085797214159736,1146
new,actual,4-10,C,dominance_positive,0.43106457242582896,0.2142154878471273,0.6320890316315277,1146
new,actual,4-10,C,reversal,0.2094240837696335,0.12622188418323252,0.27541431814451073,1146
new,actual,4-10,C,negligible,0.3080279232111693,0.1621575960514014,0.4338836798713567,1146
new,actual,4-10,C,unresolved,0.05148342059336824,0.011101527821091625,0.13085797214159736,1146
new,actual,4-10,B_pm,dominance_positive,0.4031413612565445,0.16415999244589805,0.6098387879505238,1146
new,actual,4-10,B_pm,reversal,0.17102966841186737,0.1111101163831692,0.22035353838760063,1146
new,actual,4-10,B_pm,negligible,0.25218150087260033,0.13810505126248088,0.34199877908317633,1146
new,actual,4-10,B_pm,unresolved,0.1736474694589878,0.05043185389329934,0.33034249649541336,1146
new,actual,4-10,C_pm,dominance_positive,0.4031413612565445,0.16415999244589805,0.6098387879505238,1146
new,actual,4-10,C_pm,reversal,0.17102966841186737,0.1111101163831692,0.22035353838760063,1146
new,actual,4-10,C_pm,negligible,0.25218150087260033,0.13810505126248088,0.34199877908317633,1146
new,actual,4-10,C_pm,unresolved,0.1736474694589878,0.05043185389329934,0.33034249649541336,1146
new,actual,11-16,B,dominance_positive,0.7239263803680982,0.5773305084745762,0.8720554885758818,978
new,actual,11-16,B,reversal,0.019427402862985686,0.0,0.04804937681043878,978
new,actual,11-16,B,negligible,0.24642126789366053,0.11455974745579374,0.3801076691364292,978
new,actual,11-16,B,unresolved,0.010224948875255624,0.0010660980810234541,0.025843068834764005,978
new,actual,11-16,C,dominance_positive,0.7239263803680982,0.5773305084745762,0.8720554885758818,978
new,actual,11-16,C,reversal,0.019427402862985686,0.0,0.04804937681043878,978
new,actual,11-16,C,negligible,0.24642126789366053,0.11455974745579374,0.3801076691364292,978
new,actual,11-16,C,unresolved,0.010224948875255624,0.0010660980810234541,0.025843068834764005,978
new,actual,11-16,B_pm,dominance_positive,0.7085889570552147,0.5642143010547416,0.8634542160621946,978
new,actual,11-16,B_pm,reversal,0.012269938650306749,0.0,0.03235297091536311,978
new,actual,11-16,B_pm,negligible,0.23415132924335377,0.1113389280981872,0.3584632728038567,978
new,actual,11-16,B_pm,unresolved,0.044989775051124746,0.013917947409942644,0.07847546309875685,978
new,actual,11-16,C_pm,dominance_positive,0.7085889570552147,0.5642143010547416,0.8634542160621946,978
new,actual,11-16,C_pm,reversal,0.012269938650306749,0.0,0.03235297091536311,978
new,actual,11-16,C_pm,negligible,0.23415132924335377,0.1113389280981872,0.3584632728038567,978
new,actual,11-16,C_pm,unresolved,0.044989775051124746,0.013917947409942644,0.07847546309875685,978
new,actual,17-30,B,dominance_positive,0.6253842775581906,0.4761042952866353,0.7491467557915364,2277
new,actual,17-30,B,reversal,0.04567413263065437,0.012401225625999853,0.09201757696997133,2277
new,actual,17-30,B,negligible,0.32059727711901626,0.20740987161120947,0.44400592998674265,2277
new,actual,17-30,B,unresolved,0.00834431269213878,0.003389758841867632,0.014298672712333043,2277
new,actual,17-30,C,dominance_positive,0.6258234519104084,0.4761042952866353,0.750227261305787,2277
new,actual,17-30,C,reversal,0.045234958278436536,0.012401225625999853,0.09201468831450915,2277
new,actual,17-30,C,negligible,0.32059727711901626,0.20740987161120947,0.44400592998674265,2277
new,actual,17-30,C,unresolved,0.00834431269213878,0.003356890968002869,0.014279722151005666,2277
new,actual,17-30,B_pm,dominance_positive,0.61133069828722,0.45861528298662124,0.7434918935837246,2277
new,actual,17-30,B_pm,reversal,0.03732981993851559,0.00888676855633561,0.07699752695681158,2277
new,actual,17-30,B_pm,negligible,0.3065436978480457,0.19654967721618644,0.42813763945201866,2277
new,actual,17-30,B_pm,unresolved,0.04479578392621871,0.020550750340590906,0.07621550591327202,2277
new,actual,17-30,C_pm,dominance_positive,0.6122090469916557,0.45861528298662124,0.7447737181597169,2277
new,actual,17-30,C_pm,reversal,0.03689064558629776,0.00888676855633561,0.07685651985939587,2277
new,actual,17-30,C_pm,negligible,0.3065436978480457,0.19654967721618644,0.42813763945201866,2277
new,actual,17-30,C_pm,unresolved,0.04435660957400088,0.01953569480165225,0.076145077594344,2277
new,own,1-3,B,dominance_positive,0.07474747474747474,0.019083605961468558,0.14906193937519344,495
new,own,1-3,B,reversal,0.5797979797979798,0.3044316695727986,0.8213605678984058,495
new,own,1-3,B,negligible,0.30707070707070705,0.11340051986959204,0.5419380699605282,495
new,own,1-3,B,unresolved,0.03838383838383838,0.013888067061143988,0.07039508615507918,495
new,own,1-3,C,dominance_positive,0.07474747474747474,0.019083605961468558,0.14906193937519344,495
new,own,1-3,C,reversal,0.5797979797979798,0.3044316695727986,0.8213605678984058,495
new,own,1-3,C,negligible,0.30707070707070705,0.11340051986959204,0.5419380699605282,495
new,own,1-3,C,unresolved,0.03838383838383838,0.013888067061143988,0.07039508615507918,495
new,own,1-3,B_pm,dominance_positive,0.07272727272727272,0.010729155203404133,0.15367148906139735,495
new,own,1-3,B_pm,reversal,0.5313131313131313,0.27606035818305763,0.7700074235807862,495
new,own,1-3,B_pm,negligible,0.2606060606060606,0.0980758229757138,0.47413135723510264,495
new,own,1-3,B_pm,unresolved,0.13535353535353536,0.08602066532258065,0.18595961242205175,495
new,own,1-3,C_pm,dominance_positive,0.07272727272727272,0.010729155203404133,0.15367148906139735,495
new,own,1-3,C_pm,reversal,0.5313131313131313,0.27606035818305763,0.7700074235807862,495
new,own,1-3,C_pm,negligible,0.2606060606060606,0.0980758229757138,0.47413135723510264,495
new,own,1-3,C_pm,unresolved,0.13535353535353536,0.08602066532258065,0.18595961242205175,495
new,own,4-10,B,dominance_positive,0.42408376963350786,0.18760586564912596,0.6303244296411168,1146
new,own,4-10,B,reversal,0.19022687609075042,0.09366363636363637,0.2766867578478783,1146
new,own,4-10,B,negligible,0.3726003490401396,0.17987943527563802,0.5445750466263444,1146
new,own,4-10,B,unresolved,0.013089005235602094,0.0033443701226309928,0.0261971654978756,1146
new,own,4-10,C,dominance_positive,0.42408376963350786,0.18760586564912596,0.6303244296411168,1146
new,own,4-10,C,reversal,0.19022687609075042,0.09366363636363637,0.2766867578478783,1146
new,own,4-10,C,negligible,0.3726003490401396,0.17987943527563802,0.5445750466263444,1146
new,own,4-10,C,unresolved,0.013089005235602094,0.0033443701226309928,0.0261971654978756,1146
new,own,4-10,B_pm,dominance_positive,0.4397905759162304,0.2043581348967004,0.6353839497519168,1146
new,own,4-10,B_pm,reversal,0.17452006980802792,0.08615801347570877,0.2604622858389651,1146
new,own,4-10,B_pm,negligible,0.34205933682373474,0.15838357268985567,0.5148630536130537,1146
new,own,4-10,B_pm,unresolved,0.04363001745200698,0.01466736149612155,0.07843249943655625,1146
new,own,4-10,C_pm,dominance_positive,0.4397905759162304,0.2043581348967004,0.6353839497519168,1146
new,own,4-10,C_pm,reversal,0.17452006980802792,0.08615801347570877,0.2604622858389651,1146
new,own,4-10,C_pm,negligible,0.34205933682373474,0.15838357268985567,0.5148630536130537,1146
new,own,4-10,C_pm,unresolved,0.04363001745200698,0.01466736149612155,0.07843249943655625,1146
new,own,11-16,B,dominance_positive,0.9366053169734151,0.8860352870279439,0.9788136816691407,978
new,own,11-16,B,reversal,0.0010224948875255625,0.0,0.006403483567304273,978
new,own,11-16,B,negligible,0.06237218813905931,0.02117415745599056,0.11064394899361088,978
new,own,11-16,B,unresolved,0.0,0.0,0.0,978
new,own,11-16,C,dominance_positive,0.9366053169734151,0.8860352870279439,0.9788136816691407,978
new,own,11-16,C,reversal,0.0010224948875255625,0.0,0.006403483567304273,978
new,own,11-16,C,negligible,0.06237218813905931,0.02117415745599056,0.11064394899361088,978
new,own,11-16,C,unresolved,0.0,0.0,0.0,978
new,own,11-16,B_pm,dominance_positive,0.9366053169734151,0.8844976099688313,0.9788317068139905,978
new,own,11-16,B_pm,reversal,0.0010224948875255625,0.0,0.006403483567304273,978
new,own,11-16,B_pm,negligible,0.05828220858895705,0.02094683039331796,0.10246433038107153,978
new,own,11-16,B_pm,unresolved,0.00408997955010225,0.0,0.01958843994792002,978
new,own,11-16,C_pm,dominance_positive,0.9366053169734151,0.8844976099688313,0.9788317068139905,978
new,own,11-16,C_pm,reversal,0.0010224948875255625,0.0,0.006403483567304273,978
new,own,11-16,C_pm,negligible,0.05828220858895705,0.02094683039331796,0.10246433038107153,978
new,own,11-16,C_pm,unresolved,0.00408997955010225,0.0,0.01958843994792002,978
new,own,17-30,B,dominance_positive,0.9705753184014053,0.9397267019283093,0.994530992179836,2277
new,own,17-30,B,reversal,0.0,0.0,0.0,2277
new,own,17-30,B,negligible,0.029424681598594644,0.005469007820163995,0.06027329807169068,2277
new,own,17-30,B,unresolved,0.0,0.0,0.0,2277
new,own,17-30,C,dominance_positive,0.9705753184014053,0.9397267019283093,0.994530992179836,2277
new,own,17-30,C,reversal,0.0,0.0,0.0,2277
new,own,17-30,C,negligible,0.029424681598594644,0.005469007820163995,0.06027329807169068,2277
new,own,17-30,C,unresolved,0.0,0.0,0.0,2277
new,own,17-30,B_pm,dominance_positive,0.9648660518225736,0.9317734994807891,0.9920705470417712,2277
new,own,17-30,B_pm,reversal,0.0,0.0,0.0,2277
new,own,17-30,B_pm,negligible,0.026350461133069828,0.004965172667743877,0.05389501171811864,2277
new,own,17-30,B_pm,unresolved,0.00878348704435661,0.001283691556919171,0.01764810302819355,2277
new,own,17-30,C_pm,dominance_positive,0.9648660518225736,0.9317734994807891,0.9920705470417712,2277
new,own,17-30,C_pm,reversal,0.0,0.0,0.0,2277
new,own,17-30,C_pm,negligible,0.026350461133069828,0.004965172667743877,0.05389501171811864,2277
new,own,17-30,C_pm,unresolved,0.00878348704435661,0.001283691556919171,0.01764810302819355,2277
