rule,curve,measure,n,mean,q25,median,q75,q90
old,linear,tp_share,2416,0.5648358247990953,0.40301481358516383,0.521937461486377,0.7542257388104332,0.9645361472048204
old,linear,tp_share_raw,2440,0.6162610849728821,0.4921603256229796,0.5750993553549781,0.7771864127683565,0.9417222975393787
old,linear,hhi,2416,0.30113594710356933,0.21393073235120874,0.27890157609511296,0.36395846485046734,0.45951834833058575
old,linear,n_material,2448,6.498366013071895,4.0,7.0,9.0,10.0
old,linear,mean_abs_third,2448,0.001770322401440473,0.0008270371509889554,0.0014748423644767815,0.0023430523831472583,0.0033726597729825123
old,linear,mean_abs_third_raw,2448,0.0021080473326712374,0.001202946067540163,0.0018417640888960315,0.0026929978004899763,0.0036560296878926724
old,concave,tp_share,2399,0.5901041324886923,0.42496274829531466,0.5548101754399144,0.8075867928345514,1.0
old,concave,tp_share_raw,2431,0.6408448821634639,0.49948382466019026,0.6049864554785431,0.8225490492531484,0.9613808544097633
old,concave,hhi,2399,0.30859954113118554,0.21638242620518972,0.2817561724754654,0.3761485599538409,0.48414771873049617
old,concave,n_material,2448,5.940359477124183,4.0,6.0,8.0,10.0
old,concave,mean_abs_third,2448,0.0018781695479540735,0.0008365398366319959,0.0015650993641238987,0.0024610548170130205,0.003509538105758072
old,concave,mean_abs_third_raw,2448,0.0022155745020004305,0.0012133468741884063,0.0019335172338103257,0.00282127736521922,0.0038243139526842485
old,convex,tp_share,2408,0.5037482803909451,0.3463787798435713,0.4827596938215544,0.6771750416632168,0.9316982519248588
old,convex,tp_share_raw,2434,0.5931864498872058,0.48515335766487216,0.5398698228287522,0.7312283320416457,0.9280871559974403
old,convex,hhi,2408,0.36353293354744004,0.24219389225537666,0.31786584406118207,0.40968760050912606,0.5265588537627806
old,convex,n_material,2448,5.526143790849673,3.0,5.5,7.0,9.0
old,convex,mean_abs_third,2448,0.0013144060357641325,0.0005090775014348596,0.0010805294025875423,0.0018405712372394534,0.002683250464202407
old,convex,mean_abs_third_raw,2448,0.0016647852434187838,0.0008748990755847308,0.0014787679779792008,0.00219381500178288,0.0030137354553205872
old,top3_stress,tp_share,1774,0.36879658754654904,0.11935802137441354,0.3898359954226227,0.4783844531429955,1.0
old,top3_stress,tp_share_raw,1955,0.531059442626323,0.4815269225649368,0.5013937107937075,0.5229445451529421,0.9087553006818803
old,top3_stress,hhi,1774,0.5460397823261224,0.3638270302465351,0.4835277636210299,0.6003042673860652,1.0
old,top3_stress,n_material,2448,2.235294117647059,0.0,2.0,4.0,5.0
old,top3_stress,mean_abs_third,2448,0.000305215330240803,0.0,0.00014233415790451025,0.0005104824677255238,0.0008690603397595368
old,top3_stress,mean_abs_third_raw,2448,0.0004776828230946546,9.382859178919013e-05,0.00036733348536584275,0.000751992720252611,0.0011028153981303178
new,linear,tp_share,2289,0.5921248484547625,0.4323411906049988,0.5218580813800328,0.7921987529536818,1.0
new,linear,tp_share_raw,2353,0.63691306392229,0.5007145395008036,0.5779398048986667,0.8059427888869141,0.9792362967902195
new,linear,hhi,2289,0.3177107466626328,0.22430829008307546,0.29824747929483664,0.37398993558391164,0.5
new,linear,n_material,2448,5.841503267973856,3.0,6.0,8.0,10.0
new,linear,mean_abs_third,2448,0.0017232356593454184,0.0006275192304151702,0.0013605913672519836,0.002387156656365139,0.003649184001069101
new,linear,mean_abs_third_raw,2448,0.001988572962513803,0.0009179524509531773,0.00166886992992382,0.0027009997449419284,0.003910191625266963
new,concave,tp_share,2286,0.6113254120657872,0.4547095594666548,0.5523916191038072,0.8172310725825418,1.0
new,concave,tp_share_raw,2360,0.6515350771422785,0.5035568810765155,0.6056501725364247,0.8210962269118922,0.9832514790628555
new,concave,hhi,2286,0.3061720604799512,0.2143054546621539,0.28273202163400324,0.3709930228818608,0.4878864383573319
new,concave,n_material,2448,5.82312091503268,4.0,6.0,8.0,10.0
new,concave,mean_abs_third,2448,0.0017861205222639528,0.0007507455007528515,0.001502826801559669,0.0024884083663731823,0.0035572731389267188
new,concave,mean_abs_third_raw,2448,0.0020420611504815504,0.0010698091718197615,0.0017770501468557048,0.0027764286659714738,0.0037966763799463865
new,convex,tp_share,2224,0.5334241743325037,0.38445548785688083,0.4908412219410148,0.7243880233809878,1.0
new,convex,tp_share_raw,2328,0.6188160029937095,0.4999999997675012,0.5488181224511688,0.7594198745556293,0.9732053910974143
new,convex,hhi,2224,0.3931054286384596,0.2643288963879031,0.3336834067526706,0.43801580671296825,0.6158811333451464
new,convex,n_material,2448,4.660539215686274,2.0,5.0,7.0,8.300000000000182
new,convex,mean_abs_third,2448,0.0013884167647382321,0.00026593928837827577,0.0009218261341378301,0.0020238272425347056,0.003306832165125858
new,convex,mean_abs_third_raw,2448,0.0016629674456872764,0.0005485016332605203,0.0012818936211687964,0.0023260064842609957,0.0036109058443756312
new,top3_stress,tp_share,1836,0.4646239383098284,0.3166988769373931,0.4437791094329038,0.5408442507674367,1.0
new,top3_stress,tp_share_raw,2000,0.5841853117844571,0.49521577220605745,0.505625572959205,0.6503691411817276,0.9914537730409707
new,top3_stress,hhi,1836,0.47713356283809605,0.33850936726262726,0.41938802582979406,0.5145635402474379,1.0
new,top3_stress,n_material,2448,2.507761437908497,0.75,2.0,4.0,5.0
new,top3_stress,mean_abs_third,2448,0.0004981981750142912,0.0,0.0002681000363788501,0.000728702423408062,0.0013076071981265296
new,top3_stress,mean_abs_third_raw,2448,0.0006539540797386615,0.00013213618639986872,0.0004601348400477231,0.000941281877191644,0.001487048418290313
new_minus_old,linear,tp_share,2286,0.02249166060421111,-0.023479713779203368,0.006653013394301965,0.08028553219001137,0.16836641534188107
new_minus_old,linear,hhi,2286,0.02429931272526747,-0.03246534961466985,0.000860789485848501,0.060555346292206595,0.14786200673483688
new_minus_old,linear,mean_abs_third,2448,-4.708674209505465e-05,-0.00039360108509465684,0.0,0.0004415843415964561,0.0010566087537722496
new_minus_old,concave,tp_share,2277,0.016062909100045798,-0.024544295295087393,0.0014040015499428016,0.0703248678503281,0.16525521059941092
new_minus_old,concave,hhi,2277,0.005630842796696041,-0.042413768395310025,-1.8274277477525747e-05,0.041931893937317555,0.1190241321611079
new_minus_old,concave,mean_abs_third,2448,-9.204902569012089e-05,-0.00030143647381578997,0.0,0.0003834544306576556,0.000929569928948484
new_minus_old,convex,tp_share,2224,0.023281855758244697,-0.03689631024804343,0.008873664809804616,0.10377483691709855,0.21764137692216046
new_minus_old,convex,hhi,2224,0.037909411877174365,-0.051188757764383454,0.00028226330945435585,0.08823970049849536,0.20562058311420117
new_minus_old,convex,mean_abs_third,2448,7.401072897409977e-05,-0.00046346102322080573,2.0662667624333e-06,0.0005913537110902744,0.0013709562047308874
new_minus_old,top3_stress,tp_share,1508,0.1142404931029928,-0.01783831393890374,0.06819148432937397,0.3098094088938869,0.46814175032879596
new_minus_old,top3_stress,hhi,1508,-0.12293267543770973,-0.33317822045277445,-0.06171661142863369,0.06525431104984734,0.22346247905122135
new_minus_old,top3_stress,mean_abs_third,2448,0.00019298284477348827,-0.00016505612216893243,0.0,0.00046843052464932305,0.001059368705710638
