rule,band,n,mean,q25,median,q75,q90,share_nonzero
old,all,4896,-0.006304066277259881,-0.013311422388109473,0.0,0.0,0.002169902237889397,0.42769607843137253
old,1-3,495,-0.00010713614555255223,0.0,0.0,2.8611323599024795e-05,0.0014082001298773884,0.09696969696969697
old,4-10,1146,0.0021019817326979723,-6.772762422505713e-10,0.0,0.0017336811699936268,0.012317784708246939,0.3307155322862129
old,11-16,978,-0.005112100934473031,-0.019556029286079513,0.0,0.0,0.005398706962105611,0.48057259713701433
old,17-30,2277,-0.012393900945618411,-0.024111153755837784,-0.003247770563446037,0.0,0.0,0.525691699604743
new,all,4896,-0.007504549006022678,-0.010887795910347109,0.0,0.0,0.0028809704867057136,0.4362745098039216
new,1-3,495,-0.0006497367404108608,-0.00010100752258259836,0.0,0.0008432939381476565,0.004208529336102496,0.24242424242424243
new,4-10,1146,0.0004809873462610318,0.0,0.0,0.0008831288027133447,0.0058564796540637315,0.2766143106457243
new,11-16,978,-0.007654633022664077,-0.01127341791124528,0.0,0.0,0.0058125406308587564,0.4550102249488753
new,17-30,2277,-0.01294933361863563,-0.021978448525649202,-0.003604702210305449,0.0,0.0,0.5507246376811594
delta,all,4896,-0.0012004827287627959,-0.000258257761427279,0.0,5.163189043302834e-05,0.004490756999336539,0.2935049019607843
delta,1-3,495,-0.0005426005948583085,-0.00011685252603461634,0.0,0.0006775781820711671,0.0033332359891360785,0.21414141414141413
delta,4-10,1146,-0.0016209943864369406,-0.000531612824476004,0.0,0.00018315266852185225,0.005323450813388523,0.3080279232111693
delta,11-16,978,-0.002542532088191047,-0.0029707095536372274,0.0,2.1771582702564008e-05,0.009360586107922021,0.40388548057259716
delta,17-30,2277,-0.000555432673017219,-1.944237388707662e-05,0.0,1.2931049046716817e-05,0.0037290129537905507,0.2560386473429952
