run_a,run_b,rule,portfolio,verdict_b,verdict_a,count
primary,norestr,delta,actual,dominance_positive,negligible,1
primary,norestr,delta,actual,dominance_positive,reversal,8
primary,norestr,delta,actual,dominance_positive,unresolved,3
primary,norestr,delta,actual,negligible,dominance_positive,4
primary,norestr,delta,actual,reversal,dominance_positive,1
primary,norestr,delta,actual,reversal,negligible,1
primary,norestr,delta,actual,reversal,unresolved,8
primary,norestr,delta,actual,unresolved,dominance_positive,3
primary,norestr,delta,actual,unresolved,negligible,1
primary,norestr,delta,actual,unresolved,reversal,9
primary,norestr,delta,own,dominance_positive,unresolved,1
primary,norestr,delta,own,reversal,unresolved,2
primary,norestr,delta,own,unresolved,dominance_positive,1
primary,norestr,delta,own,unresolved,reversal,2
primary,norestr,new,actual,dominance_positive,negligible,16
primary,norestr,new,actual,dominance_positive,reversal,1
primary,norestr,new,actual,dominance_positive,unresolved,4
primary,norestr,new,actual,negligible,dominance_positive,14
primary,norestr,new,actual,negligible,reversal,2
primary,norestr,new,actual,negligible,unresolved,4
primary,norestr,new,actual,reversal,negligible,1
primary,norestr,new,actual,reversal,unresolved,7
primary,norestr,new,actual,unresolved,dominance_positive,8
primary,norestr,new,actual,unresolved,negligible,12
primary,norestr,new,actual,unresolved,reversal,6
primary,norestr,new,own,dominance_positive,negligible,2
primary,norestr,new,own,dominance_positive,unresolved,1
primary,norestr,new,own,negligible,dominance_positive,13
primary,norestr,new,own,negligible,reversal,2
primary,norestr,new,own,reversal,unresolved,9
primary,norestr,new,own,unresolved,dominance_positive,1
primary,norestr,new,own,unresolved,reversal,1
