rule,portfolio,jstar,count,count_argmin_C_hat,count_precision_matched,n_reversals,n_reversals_pm
old,actual,1,0,0,0,171,123
old,actual,2,0,0,0,171,123
old,actual,3,0,0,0,171,123
old,actual,4,2,2,1,171,123
old,actual,5,2,2,2,171,123
old,actual,6,1,1,1,171,123
old,actual,7,1,1,1,171,123
old,actual,8,0,0,0,171,123
old,actual,9,4,4,4,171,123
old,actual,10,8,8,5,171,123
old,actual,11,5,5,5,171,123
old,actual,12,1,1,1,171,123
old,actual,13,5,5,3,171,123
old,actual,14,2,4,1,171,123
old,actual,15,6,6,3,171,123
old,actual,16,16,17,11,171,123
old,actual,17,9,9,4,171,123
old,actual,18,12,12,9,171,123
old,actual,19,22,20,15,171,123
old,actual,20,11,11,10,171,123
old,actual,21,7,7,7,171,123
old,actual,22,6,6,2,171,123
old,actual,23,7,7,5,171,123
old,actual,24,5,5,4,171,123
old,actual,25,5,5,4,171,123
old,actual,26,5,6,4,171,123
old,actual,27,16,15,11,171,123
old,actual,28,5,5,6,171,123
old,actual,29,7,7,4,171,123
old,actual,30,1,0,0,171,123
old,own,1,0,0,0,0,0
old,own,2,0,0,0,0,0
old,own,3,0,0,0,0,0
old,own,4,0,0,0,0,0
old,own,5,0,0,0,0,0
old,own,6,0,0,0,0,0
old,own,7,0,0,0,0,0
old,own,8,0,0,0,0,0
old,own,9,0,0,0,0,0
old,own,10,0,0,0,0,0
old,own,11,0,0,0,0,0
old,own,12,0,0,0,0,0
old,own,13,0,0,0,0,0
old,own,14,0,0,0,0,0
old,own,15,0,0,0,0,0
old,own,16,0,0,0,0,0
old,own,17,0,0,0,0,0
old,own,18,0,0,0,0,0
old,own,19,0,0,0,0,0
old,own,20,0,0,0,0,0
old,own,21,0,0,0,0,0
old,own,22,0,0,0,0,0
old,own,23,0,0,0,0,0
old,own,24,0,0,0,0,0
old,own,25,0,0,0,0,0
old,own,26,0,0,0,0,0
old,own,27,0,0,0,0,0
old,own,28,0,0,0,0,0
old,own,29,0,0,0,0,0
old,own,30,0,0,0,0,0
new,actual,1,0,0,0,636,518
new,actual,2,0,0,0,636,518
new,actual,3,11,11,10,636,518
new,actual,4,21,20,19,636,518
new,actual,5,2,1,1,636,518
new,actual,6,4,5,0,636,518
new,actual,7,12,12,9,636,518
new,actual,8,45,44,17,636,518
new,actual,9,374,376,327,636,518
new,actual,10,3,3,3,636,518
new,actual,11,1,3,0,636,518
new,actual,12,4,4,4,636,518
new,actual,13,2,0,1,636,518
new,actual,14,2,2,1,636,518
new,actual,15,3,3,3,636,518
new,actual,16,2,2,1,636,518
new,actual,17,6,7,6,636,518
new,actual,18,11,10,8,636,518
new,actual,19,21,21,18,636,518
new,actual,20,15,15,12,636,518
new,actual,21,6,6,5,636,518
new,actual,22,5,6,3,636,518
new,actual,23,11,10,11,636,518
new,actual,24,11,11,9,636,518
new,actual,25,6,6,5,636,518
new,actual,26,8,9,11,636,518
new,actual,27,19,18,12,636,518
new,actual,28,9,9,7,636,518
new,actual,29,11,11,7,636,518
new,actual,30,11,11,8,636,518
new,own,1,0,0,0,512,462
new,own,2,0,0,0,512,462
new,own,3,0,0,0,512,462
new,own,4,0,0,0,512,462
new,own,5,0,0,0,512,462
new,own,6,0,0,0,512,462
new,own,7,0,0,0,512,462
new,own,8,0,0,0,512,462
new,own,9,512,512,462,512,462
new,own,10,0,0,0,512,462
new,own,11,0,0,0,512,462
new,own,12,0,0,0,512,462
new,own,13,0,0,0,512,462
new,own,14,0,0,0,512,462
new,own,15,0,0,0,512,462
new,own,16,0,0,0,512,462
new,own,17,0,0,0,512,462
new,own,18,0,0,0,512,462
new,own,19,0,0,0,512,462
new,own,20,0,0,0,512,462
new,own,21,0,0,0,512,462
new,own,22,0,0,0,512,462
new,own,23,0,0,0,512,462
new,own,24,0,0,0,512,462
new,own,25,0,0,0,512,462
new,own,26,0,0,0,512,462
new,own,27,0,0,0,512,462
new,own,28,0,0,0,512,462
new,own,29,0,0,0,512,462
new,own,30,0,0,0,512,462
