portfolio,old,new,count
actual,dominance_positive,dominance_positive,2528
actual,dominance_positive,negligible,418
actual,dominance_positive,reversal,487
actual,dominance_positive,unresolved,85
actual,negligible,dominance_positive,112
actual,negligible,negligible,987
actual,negligible,reversal,7
actual,negligible,unresolved,6
actual,reversal,dominance_positive,16
actual,reversal,negligible,11
actual,reversal,reversal,134
actual,reversal,unresolved,10
actual,unresolved,dominance_positive,20
actual,unresolved,negligible,13
actual,unresolved,reversal,8
actual,unresolved,unresolved,54
own,dominance_positive,dominance_positive,3637
own,dominance_positive,negligible,607
own,dominance_positive,reversal,512
own,dominance_positive,unresolved,26
own,negligible,dominance_positive,1
own,negligible,negligible,111
own,unresolved,negligible,2
