rule,portfolio,band,curve,rho,measure,n,mean,q25,median,q75,q90,share_sign_flip,vbar
old,actual,all,-,0.0,M,4896,0.006152741812931715,-1.4202669262886047e-10,0.0,1.2524697012850084e-09,0.012041227548616008,,
old,actual,all,linear,0.0,tau,4896,0.01787401811790807,0.0006584138046222005,0.011477167736749581,0.029960451691560974,0.042600140140145744,0.0,0.5
old,actual,all,linear,0.5,tau,4896,0.016335832664675143,0.0006061558022503865,0.01049114192222297,0.028322901078854608,0.04014030595063128,0.001838235294117647,0.5
old,actual,all,linear,0.8,tau,4896,0.015412921392735389,0.0005083377700642324,0.009560883534789195,0.02700633597383923,0.03914989968533032,0.003880718954248366,0.5
old,actual,all,concave,0.0,tau,4896,0.016658637955477257,0.0006041107220116375,0.009059060947659172,0.02787473388379721,0.03959457650657797,0.0,0.6598722196914346
old,actual,all,concave,0.5,tau,4896,0.01462862625683348,0.0005598929858114682,0.008115084417158634,0.026065289112916175,0.03612395099166921,0.004493464052287581,0.6598722196914346
old,actual,all,concave,0.8,tau,4896,0.013410619237647217,0.00047217653908743484,0.007185102665324418,0.024428732860276442,0.03471209167692188,0.006740196078431373,0.6598722196914346
old,actual,all,convex,0.0,tau,4896,0.016229520475917598,0.0004423421683155297,0.008839062232871325,0.02787958203863796,0.041660890010840695,0.0,0.33908045977011503
old,actual,all,convex,0.5,tau,4896,0.015186383214529751,0.0003563808318309129,0.008185710376034987,0.026580893416205013,0.03980810839860016,0.0016339869281045752,0.33908045977011503
old,actual,all,convex,0.8,tau,4896,0.01456050085769704,0.00028401298704590285,0.007761487315117799,0.025546677352109307,0.03892655221346414,0.005923202614379085,0.33908045977011503
old,actual,all,top3_stress,0.0,tau,4896,0.006815375238801003,0.0,0.0008436925196292576,0.01067409951123409,0.02331629158463329,0.0,0.1
old,actual,all,top3_stress,0.5,tau,4896,0.006507738148154416,0.0,0.0006171875402505973,0.010242260060490026,0.022748108881878584,0.10477941176470588,0.1
old,actual,all,top3_stress,0.8,tau,4896,0.006323155893766465,0.0,0.0005328749424067098,0.010040727533131791,0.02260793243547337,0.11213235294117647,0.1
old,actual,1-3,-,0.0,M,495,0.0006523382555326878,-1.6015576420613796e-10,2.3865140974521636e-11,3.236045476029403e-10,0.0005322942198836249,,
old,actual,1-3,linear,0.0,tau,495,0.003261063393234982,0.0016867109881755363,0.0027254728430305686,0.004875294794103377,0.0073104038009647555,0.0,0.5
old,actual,1-3,linear,0.5,tau,495,0.00309797882935181,0.0016721917838667792,0.002668746000074287,0.0048474959906445615,0.007234468379890033,0.00202020202020202,0.5
old,actual,1-3,linear,0.8,tau,495,0.003000128091021907,0.0016524964641347114,0.0026626803515509556,0.004834798474215791,0.0070939290908873884,0.00202020202020202,0.5
old,actual,1-3,concave,0.0,tau,495,0.0020264091688805053,0.0009811478204499423,0.0015634688892882716,0.002869228820805641,0.004883547915003602,0.0,0.6598722196914346
old,actual,1-3,concave,0.5,tau,495,0.001811179222546509,0.0009756326275715246,0.001560606950327246,0.0027920488343438038,0.004454111280029374,0.006060606060606061,0.6598722196914346
old,actual,1-3,concave,0.8,tau,495,0.0016820412547461111,0.0009500313117860818,0.0015446810828321006,0.002681635602802497,0.004433106916718578,0.010101010101010102,0.6598722196914346
old,actual,1-3,convex,0.0,tau,495,0.005224166569246933,0.0026532268845348055,0.004253363091515633,0.0072759503219691915,0.010880193719036556,0.0,0.33908045977011503
old,actual,1-3,convex,0.5,tau,495,0.005113568991441105,0.00263459916602473,0.0042533630207581994,0.007267250630549896,0.010495625156623155,0.0,0.33908045977011503
old,actual,1-3,convex,0.8,tau,495,0.0050472104447576065,0.002599505393646818,0.004251434582234249,0.007267250629572911,0.010489058674918993,0.00202020202020202,0.33908045977011503
old,actual,1-3,top3_stress,0.0,tau,495,0.004522481102291181,0.00028589498194037333,0.0016112319991225376,0.0058556703722570085,0.012735734248533847,0.0,0.1
old,actual,1-3,top3_stress,0.5,tau,495,0.004489864189514546,0.00029101756721502166,0.0015859374951105564,0.005855503609940239,0.01265174654268543,0.006060606060606061,0.1
old,actual,1-3,top3_stress,0.8,tau,495,0.004470294041848565,0.00029483357051740316,0.0016362319851177746,0.005892722165441844,0.012651746544098475,0.006060606060606061,0.1
old,actual,4-10,-,0.0,M,1146,0.007739326713823684,-1.8261203216241028e-10,4.678781806433108e-11,0.0010908951715073061,0.031377637870609765,,
old,actual,4-10,linear,0.0,tau,1146,0.018313341721524826,0.006292083892221917,0.014179346234966844,0.026042055856799792,0.038437494755469676,0.0,0.5
old,actual,4-10,linear,0.5,tau,1146,0.0163785100430689,0.006241160001761639,0.013290753534920274,0.024537995198265813,0.032822427479452396,0.0034904013961605585,0.5
old,actual,4-10,linear,0.8,tau,1146,0.01521761103599535,0.006175050908124814,0.012733024377488932,0.022926665380398024,0.030928264746211985,0.006980802792321117,0.5
old,actual,4-10,concave,0.0,tau,1146,0.013933524417550924,0.0035939340559381504,0.00875058197926494,0.017302825423698813,0.03401634974533625,0.0,0.6598722196914346
old,actual,4-10,concave,0.5,tau,1146,0.011380041068766899,0.0035888211837903977,0.008306422846498315,0.015857328829992984,0.02551887281470791,0.007853403141361256,0.6598722196914346
old,actual,4-10,concave,0.8,tau,1146,0.009847951059496483,0.0035888211991456547,0.007903477607272332,0.014696553344266698,0.020626163047476782,0.013961605584642234,0.6598722196914346
old,actual,4-10,convex,0.0,tau,1146,0.023286150578010163,0.009757122235579018,0.01982484439936514,0.03486003006693221,0.04532357101591332,0.0,0.33908045977011503
old,actual,4-10,convex,0.5,tau,1146,0.021974023347792925,0.009840788202476334,0.018812214038431987,0.032286734961397306,0.043657517230634435,0.0017452006980802793,0.33908045977011503
old,actual,4-10,convex,0.8,tau,1146,0.02118674700966259,0.009497369618730506,0.017995337291870618,0.03119113578439301,0.042814513464469135,0.0034904013961605585,0.33908045977011503
old,actual,4-10,top3_stress,0.0,tau,1146,0.01831471517455457,0.009540587053343189,0.017842556354589763,0.026832012236263837,0.03383349703624844,0.0,0.1
old,actual,4-10,top3_stress,0.5,tau,1146,0.017927748838863385,0.009317852662994765,0.017665008785082682,0.026291807658058587,0.033071037521213396,0.0034904013961605585,0.1
old,actual,4-10,top3_stress,0.8,tau,1146,0.017695569037448677,0.00904770795682875,0.01726156147883054,0.025908706545828455,0.032867075002209686,0.005235602094240838,0.1
old,actual,11-16,-,0.0,M,978,0.01152075382377112,-1.7084784087462167e-10,3.5170160117559137e-11,0.0012038966200105961,0.034383497309230765,,
old,actual,11-16,linear,0.0,tau,978,0.027514403408243317,0.0061421889889400815,0.026111201156414014,0.038138885396534775,0.05316865325109746,0.0,0.5
old,actual,11-16,linear,0.5,tau,978,0.024634214952300535,0.0045156128751216995,0.02546944584513485,0.036774477712158374,0.05013449243907863,0.0010224948875255625,0.5
old,actual,11-16,linear,0.8,tau,978,0.022906101878734864,0.0036220593505416564,0.023965874756089762,0.03622587710102882,0.04766125453026998,0.003067484662576687,0.5
old,actual,11-16,concave,0.0,tau,978,0.022617542857159913,0.005561876281730085,0.017957792455619764,0.028257050059674285,0.04106577247240278,0.0,0.6598722196914346
old,actual,11-16,concave,0.5,tau,978,0.018816430158054696,0.004317280086100449,0.017282687352230656,0.026824999855370756,0.035670864115666674,0.003067484662576687,0.6598722196914346
old,actual,11-16,concave,0.8,tau,978,0.01653576253859157,0.0030874605173170184,0.01636430272141501,0.025551704965732697,0.03346021073261761,0.00408997955010225,0.6598722196914346
old,actual,11-16,convex,0.0,tau,978,0.02846432087418745,0.005337860132482627,0.029424011082456104,0.04092598392554427,0.06027706251341061,0.0,0.33908045977011503
old,actual,11-16,convex,0.5,tau,978,0.026511089622456137,0.004314705386666425,0.027770972363655774,0.039797274461957376,0.057037859483159044,0.005112474437627812,0.33908045977011503
old,actual,11-16,convex,0.8,tau,978,0.025339150871417353,0.003571485574820653,0.026367993367549695,0.03908566567330805,0.05412268022824868,0.012269938650306749,0.33908045977011503
old,actual,11-16,top3_stress,0.0,tau,978,0.008977363791072349,0.0013513729016995059,0.006459795023547485,0.013942690077237785,0.021970372294483252,0.0,0.1
old,actual,11-16,top3_stress,0.5,tau,978,0.008401326099883793,0.0010357400241747749,0.005936723032282317,0.013282789253070266,0.0211422196166463,0.034764826175869123,0.1
old,actual,11-16,top3_stress,0.8,tau,978,0.00805570348517066,0.00013476475540082905,0.0056354030366986985,0.012892257391503202,0.021067146557234236,0.05725971370143149,0.1
old,actual,17-30,-,0.0,M,2277,0.004244335013585815,-8.381903171539306e-11,0.0,5.789790352705993e-10,0.002394465394641371,,
old,actual,17-30,linear,0.0,tau,2277,0.016688972410846378,0.0,0.010288893859451295,0.03080845640948132,0.04215943935085284,0.0,0.5
old,actual,17-30,linear,0.5,tau,2277,0.015627888657449924,0.0,0.008002155021471292,0.0292478448338355,0.0407949430680702,0.0013175230566534915,0.5
old,actual,17-30,linear,0.8,tau,2277,0.014991238405412052,0.0,0.006398665321433358,0.028569006977579546,0.0401405008653891,0.0030742204655248135,0.5
old,actual,17-30,concave,0.0,tau,2277,0.018651665785948634,0.0,0.01529382730973448,0.03246427288735145,0.04316379181997488,0.0,0.6598722196914346
old,actual,17-30,concave,0.5,tau,2277,0.01725130640268416,0.0,0.012126215082692316,0.031695105221283645,0.04115233047086133,0.0030742204655248135,0.6598722196914346
old,actual,17-30,concave,0.8,tau,2277,0.016411090772725477,0.0,0.009004862882631845,0.03118827042113973,0.03997958338975954,0.003513394817742644,0.6598722196914346
old,actual,17-30,convex,0.0,tau,2277,0.009815430575740166,0.0,0.003190509818533632,0.017277013970991347,0.02996272884216146,0.0,0.33908045977011503
old,actual,17-30,convex,0.5,tau,2277,0.00909584504182763,0.0,0.00287791767837189,0.015656250177194315,0.028737072282903696,0.0004391743522178305,0.33908045977011503
old,actual,17-30,convex,0.8,tau,2277,0.008664093721480104,0.0,0.002248421601654843,0.01470644018878263,0.028305095744554667,0.005270092226613966,0.33908045977011503
old,actual,17-30,top3_stress,0.0,tau,2277,0.000597682760574122,0.0,0.0,0.0002656250033760443,0.0017772831983165823,0.0,0.1
old,actual,17-30,top3_stress,0.5,tau,2277,0.00038546600989483116,0.0,9.895302355289462e-12,0.00011048300423050114,0.0013297038236867425,0.207290294246816,0.1
old,actual,17-30,top3_stress,0.8,tau,2277,0.0002581359594872567,0.0,1.3783574104309084e-11,0.00010741675232553404,0.0013446645613375589,0.21256038647342995,0.1
old,own,all,-,0.0,M,4896,-2.4997562208980812e-11,-2.924934960901737e-10,-5.32125454810739e-12,2.3325157250120295e-10,5.929701085705119e-10,,
old,own,all,linear,0.0,tau,4896,0.02417791444683696,0.008870714229771912,0.02340091088513434,0.03512868341299854,0.046157303436649304,0.0,0.5
old,own,all,linear,0.5,tau,4896,0.024177914453086348,0.008870714217758997,0.023400911022713605,0.03512868357347888,0.0461573034540252,0.0,0.5
old,own,all,linear,0.8,tau,4896,0.02417791445683598,0.008870714210551248,0.023400911105261164,0.03512868366976708,0.04615730346445074,0.0,0.5
old,own,all,concave,0.0,tau,4896,0.021242179865463548,0.006704505790098507,0.02141636098758676,0.0317595032761164,0.039344900682595274,0.0,0.6598722196914346
old,own,all,concave,0.5,tau,4896,0.021242179873711145,0.006704505812453681,0.021416360980293522,0.03175950346252163,0.03934490065864363,0.0,0.6598722196914346
old,own,all,concave,0.8,tau,4896,0.021242179878659704,0.006704505825866786,0.021416360975917578,0.031759503574364766,0.03934490064427264,0.0,0.6598722196914346
old,own,all,convex,0.0,tau,4896,0.021877475424646766,0.006529530154933422,0.01870629037620194,0.03270414027529931,0.044716066042659396,0.0,0.33908045977011503
old,own,all,convex,0.5,tau,4896,0.021877475428884862,0.006529530242325169,0.01870629045295939,0.03270414019441413,0.04471606596440186,0.0,0.33908045977011503
old,own,all,convex,0.8,tau,4896,0.021877475431427717,0.006529530294760218,0.01870629049901386,0.03270414014588302,0.04471606591744735,0.0,0.33908045977011503
old,own,all,top3_stress,0.0,tau,4896,0.0078248110634703,2.693554994170899e-05,0.002630134594219271,0.012968661830527708,0.024445648887194693,0.0,0.1
old,own,all,top3_stress,0.5,tau,4896,0.007824811064720176,2.693554216002192e-05,0.00263013460376299,0.012968661823023383,0.024445648895447446,0.0727124183006536,0.1
old,own,all,top3_stress,0.8,tau,4896,0.007824811065470106,2.693553749100968e-05,0.0026301346094892205,0.01296866181852079,0.0244456489003991,0.07312091503267974,0.1
old,own,1-3,-,0.0,M,495,1.2901095836188308e-11,-1.202761978902345e-10,2.193265499772501e-12,1.41486024285431e-10,2.9690966130146995e-10,,
old,own,1-3,linear,0.0,tau,495,0.003367965361186371,0.0018413745219332052,0.002536807312159062,0.004288625331115451,0.006329714229647292,0.0,0.5
old,own,1-3,linear,0.5,tau,495,0.003367965357961097,0.0018413745691638337,0.0025368073063151675,0.004288625371643375,0.0063297141669345185,0.0,0.5
old,own,1-3,linear,0.8,tau,495,0.003367965356025932,0.0018413745975022103,0.0025368073028088313,0.00428862539596013,0.006329714129306854,0.0,0.5
old,own,1-3,concave,0.0,tau,495,0.0018359490464749952,0.0010040102890802125,0.0013825045133355324,0.002336338708709475,0.0034511120250583414,0.0,0.6598722196914346
old,own,1-3,concave,0.5,tau,495,0.001835949042218458,0.0010040103604521478,0.0013825045294775706,0.0023363387621959776,0.003451111942293506,0.0,0.6598722196914346
old,own,1-3,concave,0.8,tau,495,0.0018359490396645352,0.001004010403275309,0.0013825045391627935,0.0023363387942878797,0.0034511118926346053,0.0,0.6598722196914346
old,own,1-3,convex,0.0,tau,495,0.005677284981114009,0.003095812337496644,0.004272447465967009,0.007237819445290792,0.010664276781555062,0.0,0.33908045977011503
old,own,1-3,convex,0.5,tau,495,0.005677284978926756,0.0030958123181454387,0.004272447462003908,0.0072378194727752455,0.01066427673902571,0.0,0.33908045977011503
old,own,1-3,convex,0.8,tau,495,0.005677284977614403,0.003095812306534716,0.004272447459626048,0.007237819489265917,0.0106642767135081,0.0,0.33908045977011503
old,own,1-3,top3_stress,0.0,tau,495,0.004589605570189491,0.00028573531394272323,0.0014358198968693614,0.0061519491591025145,0.0129386974349618,0.0,0.1
old,own,1-3,top3_stress,0.5,tau,495,0.004589605569544436,0.00028573532449780717,0.0014358199123171288,0.006151949166155291,0.01293869742661803,0.00404040404040404,0.1
old,own,1-3,top3_stress,0.8,tau,495,0.004589605569157404,0.00028573533083085746,0.0014358199215857895,0.006151949170386955,0.012938697421611772,0.00404040404040404,0.1
old,own,4-10,-,0.0,M,1146,-4.8411279653838885e-11,-2.2583151348953833e-10,-2.9854140826124365e-11,1.2314616715247694e-10,3.044948471142561e-10,,
old,own,4-10,linear,0.0,tau,1146,0.016210720209304093,0.007017763801008991,0.012303610472389592,0.02360862621242945,0.03247221270445655,0.0,0.5
old,own,4-10,linear,0.5,tau,1146,0.016210720221406915,0.007017763793522368,0.012303610498975916,0.023608626250922676,0.03247221274309188,0.0,0.5
old,own,4-10,linear,0.8,tau,1146,0.016210720228668603,0.007017763789030395,0.012303610514927711,0.023608626274018614,0.03247221276627307,0.0,0.5
old,own,4-10,concave,0.0,tau,1146,0.009520688270537937,0.003913587847828282,0.006953097869751207,0.013813088487172234,0.019372598940684715,0.0,0.6598722196914346
old,own,4-10,concave,0.5,tau,1146,0.009520688286510566,0.003913587809550079,0.006953098168589292,0.013813088583368448,0.019372599004636726,0.0,0.6598722196914346
old,own,4-10,concave,0.8,tau,1146,0.009520688296094143,0.003913587786583159,0.006953098347892142,0.013813088641086177,0.019372599043007938,0.0,0.6598722196914346
old,own,4-10,convex,0.0,tau,1146,0.0239500601124072,0.011380727892672976,0.01918384320568132,0.03500027822542667,0.04597772562931165,0.0,0.33908045977011503
old,own,4-10,convex,0.5,tau,1146,0.023950060120614864,0.011380727851792224,0.019183843196060965,0.035000278248344646,0.04597772568891146,0.0,0.33908045977011503
old,own,4-10,convex,0.8,tau,1146,0.023950060125539456,0.011380727827263777,0.01918384319028875,0.035000278262095424,0.04597772572467135,0.0,0.33908045977011503
old,own,4-10,top3_stress,0.0,tau,1146,0.019843408383742097,0.011665879713837058,0.01926240424159914,0.027291959528811277,0.033951013693585996,0.0,0.1
old,own,4-10,top3_stress,0.5,tau,1146,0.01984340838616266,0.011665879720892353,0.019262404238528985,0.027291959507446506,0.033951013720168705,0.0,0.1
old,own,4-10,top3_stress,0.8,tau,1146,0.019843408387615002,0.011665879725125528,0.019262404236686886,0.027291959494627645,0.03395101373611833,0.0,0.1
old,own,11-16,-,0.0,M,978,-4.545591869259379e-11,-3.6001438274979594e-10,-5.471520125865936e-11,2.837303014757708e-10,5.953620529908229e-10,,
old,own,11-16,linear,0.0,tau,978,0.03262607457433071,0.022392744239147354,0.03055989067527211,0.040417691286036575,0.054504231327639874,0.0,0.5
old,own,11-16,linear,0.5,tau,978,0.03262607458569469,0.02239274445298093,0.030559890652232864,0.04041769099086917,0.054504231282925475,0.0,0.5
old,own,11-16,linear,0.8,tau,978,0.03262607459251308,0.022392744581281068,0.030559890638409318,0.040417690813768725,0.05450423125609684,0.0,0.5
old,own,11-16,concave,0.0,tau,978,0.022021750472289367,0.014658726746977189,0.020576239519775188,0.02849363024850168,0.03618433374069164,0.0,0.6598722196914346
old,own,11-16,concave,0.5,tau,978,0.022021750487286915,0.014658726584250846,0.02057623951395373,0.028493630203850505,0.03618433364924074,0.0,0.6598722196914346
old,own,11-16,concave,0.8,tau,978,0.022021750496285443,0.01465872648661504,0.020576239510460854,0.02849363017705979,0.0361843335943702,0.0,0.6598722196914346
old,own,11-16,convex,0.0,tau,978,0.03731601341123926,0.026370413381419412,0.0343983306105869,0.04466520810628913,0.06388555656715428,0.0,0.33908045977011503
old,own,11-16,convex,0.5,tau,978,0.037316013418945866,0.026370413423782428,0.034398330608206115,0.04466520810727751,0.06388555649109005,0.0,0.33908045977011503
old,own,11-16,convex,0.8,tau,978,0.03731601342356983,0.026370413449200245,0.03439833060677764,0.04466520810787055,0.06388555644545149,0.0,0.33908045977011503
old,own,11-16,top3_stress,0.0,tau,978,0.01144845318963848,0.005223860152182169,0.00835243242327124,0.01630118891596794,0.023973902173340344,0.0,0.1
old,own,11-16,top3_stress,0.5,tau,978,0.011448453191911272,0.005223860142823468,0.00835243243182822,0.016301188930839546,0.023973902181915783,0.0,0.1
old,own,11-16,top3_stress,0.8,tau,978,0.01144845319327495,0.005223860137208248,0.008352432436962407,0.016301188939762505,0.023973902187061052,0.0,0.1
old,own,17-30,-,0.0,M,2277,-1.2665301734487115e-11,-3.69618646800518e-10,0.0,3.4924596548080444e-10,7.955713994256542e-10,,
old,own,17-30,linear,0.0,tau,2277,0.029083065430113558,0.01785129321096786,0.028849889279216022,0.03877119618217154,0.048856896290684064,0.0,0.5
old,own,17-30,linear,0.5,tau,2277,0.029083065433279886,0.01785129314228282,0.028849889074475155,0.03877119636537106,0.04885689679150278,0.0,0.5
old,own,17-30,linear,0.8,tau,2277,0.02908306543517968,0.017851293101071794,0.02884988895163064,0.038771196475290766,0.048856897091994006,0.0,0.5
old,own,17-30,concave,0.0,tau,2277,0.031025444498624908,0.024610197799578848,0.030721642175837352,0.036960645641462876,0.04644997101032442,0.0,0.6598722196914346
old,own,17-30,concave,0.5,tau,2277,0.03102544450280365,0.02461019756604837,0.03072164243241361,0.036960645697216826,0.04644997131483587,0.0,0.6598722196914346
old,own,17-30,concave,0.8,tau,2277,0.031025444505310897,0.024610197425930087,0.03072164258635936,0.03696064573066919,0.04644997149754274,0.0,0.6598722196914346
old,own,17-30,convex,0.0,tau,2277,0.01772509161546267,0.004836950078828086,0.01513235951026333,0.027132806060733147,0.037828522947988684,0.0,0.33908045977011503
old,own,17-30,convex,0.5,tau,2277,0.017725091617609944,0.004836949756718933,0.01513235959060613,0.027132806042020313,0.03782852296388923,0.0,0.33908045977011503
old,own,17-30,convex,0.8,tau,2277,0.017725091618898313,0.004836949563453441,0.015132359638811807,0.027132806030792614,0.03782852297342956,0.0,0.33908045977011503
old,own,17-30,top3_stress,0.0,tau,2277,0.0009228313492630258,0.0,2.814438353638593e-05,0.0007405655473849038,0.002863971438026056,0.0,0.1
old,own,17-30,top3_stress,0.5,tau,2277,0.0009228313498962907,8.963979780673976e-12,2.8144340888587747e-05,0.0007405655937147344,0.002863971408957748,0.155467720685112,0.1
old,own,17-30,top3_stress,0.8,tau,2277,0.0009228313502762499,1.4342367649078371e-11,2.8144315299908842e-05,0.0007405656215126327,0.0028639713915167638,0.15634606938954765,0.1
new,actual,all,-,0.0,M,4896,0.005571044018535765,-8.873385581864568e-11,0.0,7.594462658744305e-10,0.012126084958435968,,
new,actual,all,linear,0.0,tau,4896,0.015681063208005462,0.0,0.0036163190497659507,0.02790707071365965,0.0458486306807227,0.0,0.5
new,actual,all,linear,0.5,tau,4896,0.014288302203371522,0.0,0.003102497305868571,0.026239312410368792,0.0434433819256539,0.026552287581699346,0.5
new,actual,all,linear,0.8,tau,4896,0.013452645600591156,0.0,0.002782327684124225,0.024691802670656744,0.042201100975957466,0.03165849673202614,0.5
new,actual,all,concave,0.0,tau,4896,0.015158243380611698,0.0,0.003922161145060852,0.028365792383758436,0.04167871862779963,0.0,0.6598722196914346
new,actual,all,concave,0.5,tau,4896,0.013320154789356758,0.0,0.0028826650052861725,0.026808295059356994,0.03822241861134055,0.0030637254901960784,0.6598722196914346
new,actual,all,concave,0.8,tau,4896,0.012217301634603791,0.0,0.002233186118060139,0.02483052636886274,0.0365019411558109,0.008169934640522876,0.6598722196914346
new,actual,all,convex,0.0,tau,4896,0.013219126802670778,0.0,0.002258588660102991,0.02138986781977217,0.043972870442557696,0.0,0.33908045977011503
new,actual,all,convex,0.5,tau,4896,0.01227461071906845,0.0,0.0021339457294118837,0.019898956869743127,0.041396271241162394,0.00428921568627451,0.33908045977011503
new,actual,all,convex,0.8,tau,4896,0.011707901068907053,0.0,0.0020354123671170775,0.01895452441529507,0.04010745512378991,0.00857843137254902,0.33908045977011503
new,actual,all,top3_stress,0.0,tau,4896,0.004233143110572806,0.0,7.960717121022753e-06,0.006932877203798852,0.019302589637227356,0.0,0.1
new,actual,all,top3_stress,0.5,tau,4896,0.003954590909646017,0.0,3.0326546536343814e-05,0.006351534078080476,0.018394876718908562,0.06290849673202614,0.1
new,actual,all,top3_stress,0.8,tau,4896,0.0037874595890899448,0.0,3.1249988276977085e-05,0.005944686560193077,0.017610582099843303,0.0639297385620915,0.1
new,actual,1-3,-,0.0,M,495,6.097544116229719e-05,-2.62516550719738e-10,-1.1086740414611995e-11,3.809691406786442e-10,0.005672267923015174,,
new,actual,1-3,linear,0.0,tau,495,-0.0023282420825200554,-0.002954851283103725,-0.00037149786068014167,0.000325461602127503,0.002171643773386866,0.0,0.5
new,actual,1-3,linear,0.5,tau,495,-0.0023434859428106297,-0.0027954522214864034,-0.00057758626296759,0.0,0.0008473004941680034,0.09898989898989899,0.5
new,actual,1-3,linear,0.8,tau,495,-0.002352632258984974,-0.003084860321064077,-0.0006920797822290453,0.0,0.00024702585974772494,0.10909090909090909,0.5
new,actual,1-3,concave,0.0,tau,495,-0.0012921130979245152,-0.0016175585027399658,-0.0001961627755571762,0.0005538642877855604,0.004316527428088824,0.0,0.6598722196914346
new,actual,1-3,concave,0.5,tau,495,-0.00131223109777773,-0.0015478738771580493,-0.00018187741000804192,0.0003988840416354317,0.002155196604520485,0.012121212121212121,0.6598722196914346
new,actual,1-3,concave,0.8,tau,495,-0.0013243018976896589,-0.0014825133330169681,-0.00018733664457110474,5.727804844228473e-05,0.0009883434995760583,0.044444444444444446,0.6598722196914346
new,actual,1-3,convex,0.0,tau,495,-0.0037830292642221063,-0.0055396381759437174,-0.001333208827639755,-0.00014286499930624746,0.00018392560584460247,0.0,0.33908045977011503
new,actual,1-3,convex,0.5,tau,495,-0.003793367054534105,-0.005611353671421607,-0.001663397523923581,-0.000211019558799306,0.00012398835767244492,0.012121212121212121,0.33908045977011503
new,actual,1-3,convex,0.8,tau,495,-0.0037995697287213043,-0.005757940743869596,-0.0017515354687725445,-0.0002425646996348444,6.424346734499989e-05,0.022222222222222223,0.33908045977011503
new,actual,1-3,top3_stress,0.0,tau,495,-0.005711151829523986,-0.009450218221172691,-0.002769046905450523,-0.0005670193873811512,0.0,0.0,0.1
new,actual,1-3,top3_stress,0.5,tau,495,-0.005714200601582101,-0.00949400523082295,-0.002843839248875156,-0.00057719581995525,0.0,0.00808080808080808,0.1
new,actual,1-3,top3_stress,0.8,tau,495,-0.00571602986481697,-0.009325270096189341,-0.002878125002444722,-0.0005679928789533733,0.0,0.010101010101010102,0.1
new,actual,4-10,-,0.0,M,1146,0.0028375064573005243,-5.778247214038856e-11,0.0,0.0007108564252129668,0.011644826941192149,,
new,actual,4-10,linear,0.0,tau,1146,0.004020333611754341,0.0,0.0007968375095820507,0.006386885598533746,0.015057753109421361,0.0,0.5
new,actual,4-10,linear,0.5,tau,1146,0.00331095699742921,-4.982990657058028e-05,0.00037001111071366854,0.005698593670695921,0.013022647917708515,0.06893542757417102,0.5
new,actual,4-10,linear,0.8,tau,1146,0.002885331028834131,-5.0796601187106803e-05,0.00034646844407845863,0.005271818965245952,0.011860587294253617,0.08202443280977312,0.5
new,actual,4-10,concave,0.0,tau,1146,0.0036361373298998073,0.0,0.0007262533377018845,0.005354589699647926,0.013683500591358099,0.0,0.6598722196914346
new,actual,4-10,concave,0.5,tau,1146,0.0026999414877159687,0.0,0.0005861208609860367,0.00421018002314723,0.010364026882443903,0.005235602094240838,0.6598722196914346
new,actual,4-10,concave,0.8,tau,1146,0.0021382239824056662,0.0,0.0003520951522050928,0.003745987432056003,0.00882384477231,0.012216404886561954,0.6598722196914346
new,actual,4-10,convex,0.0,tau,1146,0.004044253639871887,-0.00011191812939205407,0.00041802741457728815,0.007202599061699919,0.01713600645524176,0.0,0.33908045977011503
new,actual,4-10,convex,0.5,tau,1146,0.0035631821428008205,-9.602479593421317e-05,0.0004180274143529331,0.006593406751596101,0.015567439969057587,0.006108202443280977,0.33908045977011503
new,actual,4-10,convex,0.8,tau,1146,0.003274539244558181,-0.00010511040063486498,0.0004267677488747344,0.006488794669649299,0.014982098582283315,0.013961605584642234,0.33908045977011503
new,actual,4-10,top3_stress,0.0,tau,1146,0.0016862955163631785,-0.0002548596290580463,0.00020762020205438602,0.0050192242837511,0.012320547902490944,0.0,0.1
new,actual,4-10,top3_stress,0.5,tau,1146,0.0015444201934981525,-0.00024712484723113447,0.00023476562852738428,0.004880246124467021,0.012008775118510173,0.01832460732984293,0.1
new,actual,4-10,top3_stress,0.8,tau,1146,0.0014592949997791365,-0.0002555038046413756,0.0002343749888590537,0.004732047127182704,0.011880374378948774,0.02006980802792321,0.1
new,actual,11-16,-,0.0,M,978,0.009064474208397741,-1.2300063190195942e-10,0.0,7.023609177849721e-06,0.02978478336986155,,
new,actual,11-16,linear,0.0,tau,978,0.025963482547657894,0.000611436348622819,0.021356578776282952,0.04055453620950896,0.0549035332958733,0.0,0.5
new,actual,11-16,linear,0.5,tau,978,0.023697363995558458,0.0005341629315211093,0.018765149627564322,0.038733587200764016,0.050168110104354006,0.0010224948875255625,0.5
new,actual,11-16,linear,0.8,tau,978,0.022337692864298795,0.0006114363420480818,0.017201957971868728,0.03734855289023259,0.04895106631294857,0.002044989775051125,0.5
new,actual,11-16,concave,0.0,tau,978,0.020389464089893675,0.00042275987339450704,0.015684772124505093,0.028958199636999735,0.041897452044539506,0.0,0.6598722196914346
new,actual,11-16,concave,0.5,tau,978,0.017398766731778086,0.00036818181962395354,0.014099800011284733,0.027281098052584912,0.03725130532751451,0.0010224948875255625,0.6598722196914346
new,actual,11-16,concave,0.8,tau,978,0.015604348316908734,0.0003681818176902692,0.01203670011037895,0.025974369218842743,0.0336848366660186,0.0010224948875255625,0.6598722196914346
new,actual,11-16,convex,0.0,tau,978,0.028778916798327704,0.0005041391002054477,0.024687552458950206,0.045587235126045185,0.06129639673201952,0.0,0.33908045977011503
new,actual,11-16,convex,0.5,tau,978,0.027242123757248778,0.0006547932181328519,0.022773821001078474,0.04321676248099927,0.058422002553997966,0.0010224948875255625,0.33908045977011503
new,actual,11-16,convex,0.8,tau,978,0.026320047932601415,0.0006547932145727759,0.021008027241835585,0.042181296032072366,0.056506138238898045,0.0010224948875255625,0.33908045977011503
new,actual,11-16,top3_stress,0.0,tau,978,0.014232987361950566,0.0,0.01279414845863357,0.02182983277220046,0.030481381867080954,0.0,0.1
new,actual,11-16,top3_stress,0.5,tau,978,0.013779763651530679,5.973561200594071e-12,0.012305983247297831,0.021305732234231524,0.02947782709374417,0.012269938650306749,0.1
new,actual,11-16,top3_stress,0.8,tau,978,0.013507829425278745,9.557697920950515e-12,0.011896908767663809,0.021077746608913005,0.029300469703935093,0.012269938650306749,0.1
new,actual,17-30,-,0.0,M,2277,0.006644185549185936,-5.122274160385132e-11,0.0,5.349284037947654e-10,0.009930230472469733,,
new,actual,17-30,linear,0.0,tau,2277,0.02104847476792371,0.0,0.015941900806742366,0.03601206393013226,0.05107815456482711,0.0,0.5
new,actual,17-30,linear,0.5,tau,2277,0.019387428380627226,0.0,0.015055226408244223,0.034227630519843816,0.047400717887622,0.0004391743522178305,0.5
new,actual,17-30,linear,0.8,tau,2277,0.018390800548249334,0.0,0.01366029099136559,0.03234875832410963,0.046268959851261095,0.0021958717610891525,0.5
new,actual,17-30,concave,0.0,tau,2277,0.022286537687732238,0.0,0.021554656982103734,0.03557579822712838,0.05120443779560872,0.0,0.6598722196914346
new,actual,17-30,concave,0.5,tau,2277,0.020094380954540702,0.0,0.020293626449547894,0.034527643067216944,0.04559350715658983,0.000878348704435661,0.6598722196914346
new,actual,17-30,concave,0.8,tau,2277,0.01877908691462578,0.0,0.01718962572416894,0.03341119357007152,0.043459336390523344,0.0013175230566534915,0.6598722196914346
new,actual,17-30,convex,0.0,tau,2277,0.01484977997874765,0.0,0.004764120131620294,0.02390091792999254,0.043075948761277766,0.0,0.33908045977011503
new,actual,17-30,convex,0.5,tau,2277,0.01372332323333969,0.0,0.004628860561177039,0.022143270523351764,0.040158931165376506,0.0030742204655248135,0.33908045977011503
new,actual,17-30,convex,0.8,tau,2277,0.013047449186094911,0.0,0.004594047367194054,0.021074683521430757,0.03833623280880507,0.006148440931049627,0.33908045977011503
new,actual,17-30,top3_stress,0.0,tau,2277,0.0033817007128849256,0.0,0.0,0.002869908135617152,0.012476338183507324,0.0,0.1
new,actual,17-30,top3_stress,0.5,tau,2277,0.003049491435425629,0.0,5.859375261934475e-06,0.002719753615470836,0.01092557108867914,0.11901624945103206,0.1
new,actual,17-30,top3_stress,0.8,tau,2277,0.0028501658689500504,0.0,5.780420184601097e-06,0.0025566360602388163,0.010043195462534208,0.11989459815546773,0.1
new,own,all,-,0.0,M,4896,-3.8669621100007126e-11,-2.0889274310320616e-10,-1.4956640370655805e-11,1.0244548320770264e-10,4.423782229423523e-10,,
new,own,all,linear,0.0,tau,4896,0.023142350703404143,0.00031383588561444917,0.01772740465550857,0.03874852304922914,0.05479011935440839,0.0,0.5
new,own,all,linear,0.5,tau,4896,0.023142350713071552,0.00031383588508893177,0.017727404515601,0.03874852314565831,0.05479011928856098,0.0,0.5
new,own,all,linear,0.8,tau,4896,0.023142350718871996,0.0003138358847736213,0.017727404431656456,0.03874852320351582,0.054790119249052534,0.0,0.5
new,own,all,concave,0.0,tau,4896,0.02063967193064361,0.00025336965498580434,0.02059150957646691,0.034129915004977904,0.044684031976672076,0.0,0.6598722196914346
new,own,all,concave,0.5,tau,4896,0.02063967194340211,0.0002533696552903807,0.020591509508409864,0.03412991486046171,0.044684032176402086,0.0,0.6598722196914346
new,own,all,concave,0.8,tau,4896,0.020639671951057214,0.0002533696554731264,0.020591509467575635,0.03412991477375199,0.0446840322962401,0.0,0.6598722196914346
new,own,all,convex,0.0,tau,4896,0.020301259769564345,0.00014070860594710363,0.010019863183078565,0.033876905577991896,0.056026538954554936,0.0,0.33908045977011503
new,own,all,convex,0.5,tau,4896,0.020301259776120403,0.0001407086460133769,0.0100198631973679,0.03387690558171727,0.05602653893343626,0.0,0.33908045977011503
new,own,all,convex,0.8,tau,4896,0.020301259780054037,0.00014070867005314087,0.010019863205941506,0.03387690558395249,0.05602653892076505,0.0,0.33908045977011503
new,own,all,top3_stress,0.0,tau,4896,0.006348501028484426,0.0,0.0008331389068553108,0.011650321128545329,0.02267592419870198,0.0,0.1
new,own,all,top3_stress,0.5,tau,4896,0.006348501030417907,0.0,0.0008331389117774961,0.011650321112492975,0.022675924204072547,0.07107843137254902,0.1
new,own,all,top3_stress,0.8,tau,4896,0.006348501031577996,0.0,0.0008331389147308074,0.011650321102861563,0.022675924207294886,0.07128267973856209,0.1
new,own,1-3,-,0.0,M,495,-3.2196204310913355e-11,-7.403286872431636e-11,-1.367880031466484e-11,1.2660166248679161e-11,2.0919833332300224e-10,,
new,own,1-3,linear,0.0,tau,495,-0.0016794814284223367,-0.0027845334749094777,-0.0008061953185975215,-0.0001652665970757504,-2.7775909018536644e-07,0.0,0.5
new,own,1-3,linear,0.5,tau,495,-0.0016794814203732855,-0.002784533487787923,-0.0008061953350048059,-0.00016526659077863645,-2.7775904198214723e-07,0.0,0.5
new,own,1-3,linear,0.8,tau,495,-0.0016794814155438548,-0.0027845334955149898,-0.0008061953448491765,-0.00016526658700036806,-2.777590130602157e-07,0.0,0.5
new,own,1-3,concave,0.0,tau,495,-0.0008426119243720844,-0.0013971805206281797,-0.00040452030390174644,-8.292495343021382e-05,-1.393697939803416e-07,0.0,0.6598722196914346
new,own,1-3,concave,0.5,tau,495,-0.0008426119137493939,-0.001397180537624436,-0.0004045203255551689,-8.29249451196327e-05,-1.393697303644111e-07,0.0,0.6598722196914346
new,own,1-3,concave,0.8,tau,495,-0.0008426119073757797,-0.0013971805478221896,-0.0004045203385472223,-8.292494013328406e-05,-1.3936969219485284e-07,0.0,0.6598722196914346
new,own,1-3,convex,0.0,tau,495,-0.0031351978568481117,-0.005197375904316124,-0.0015047763910377603,-0.00030847270151603256,-5.184415885856826e-07,0.0,0.33908045977011503
new,own,1-3,convex,0.5,tau,495,-0.00313519785138956,-0.005197375913049783,-0.0015047764021645393,-0.00030847269724557596,-5.184415558961431e-07,0.0,0.33908045977011503
new,own,1-3,convex,0.8,tau,495,-0.0031351978481144287,-0.005197375918289978,-0.0015047764088406072,-0.000308472694683302,-5.184415362824195e-07,0.0,0.33908045977011503
new,own,1-3,top3_stress,0.0,tau,495,-0.005644173103755969,-0.009354572971351446,-0.0027083938114810737,-0.0005552090741548454,-9.331245091743237e-07,0.0,0.1
new,own,1-3,top3_stress,0.5,tau,495,-0.005644173102146158,-0.009354572973927134,-0.0027083938147625304,-0.0005552090728954226,-9.331244995336798e-07,0.0,0.1
new,own,1-3,top3_stress,0.8,tau,495,-0.0056441731011802705,-0.009354572975472547,-0.0027083938167314055,-0.000555209072139769,-9.331244937492935e-07,0.0,0.1
new,own,4-10,-,0.0,M,1146,-4.6705165746143874e-11,-7.654591627215269e-11,-8.62200977280736e-12,1.7053025658242404e-13,1.9772414816543462e-11,,
new,own,4-10,linear,0.0,tau,1146,0.0035883542312669225,-2.1005530731976064e-05,0.00015648963392856063,0.005243107735609164,0.01274323115105156,0.0,0.5
new,own,4-10,linear,0.5,tau,1146,0.0035883542429432144,-2.1005527265664384e-05,0.00015648963357840518,0.005243107752872084,0.012743231153230086,0.0,0.5
new,own,4-10,linear,0.8,tau,1146,0.003588354249948989,-2.1005525185877364e-05,0.0001564896333683119,0.0052431077632298356,0.0127432311545372,0.0,0.5
new,own,4-10,concave,0.0,tau,1146,0.002288861997384006,-8.710610399922723e-06,9.477947984785556e-05,0.0031682430633920983,0.007823468433131812,0.0,0.6598722196914346
new,own,4-10,concave,0.5,tau,1146,0.0022888620127937266,-8.710607132854594e-06,9.477947937373683e-05,0.003168243076281638,0.007823468443658449,0.0,0.6598722196914346
new,own,4-10,concave,0.8,tau,1146,0.0022888620220395586,-8.710605172613718e-06,9.477947908926557e-05,0.003168243084015362,0.00782346844997443,0.0,0.6598722196914346
new,own,4-10,convex,0.0,tau,1146,0.004551127375242339,-3.956879880812963e-05,0.0002245192798578905,0.007535109506786672,0.01767893824961208,0.0,0.33908045977011503
new,own,4-10,convex,0.5,tau,1146,0.004551127383160744,-3.956879605380464e-05,0.00022451927994655317,0.007535109518493709,0.017678938273530183,0.0,0.33908045977011503
new,own,4-10,convex,0.8,tau,1146,0.004551127387911787,-3.956879440120963e-05,0.00022451927999975077,0.007535109525517931,0.017678938287881044,0.0,0.33908045977011503
new,own,4-10,top3_stress,0.0,tau,1146,0.0021939163210274934,-0.00013063743088423507,0.0001753680612455355,0.006517623703111894,0.013622168079018594,0.0,0.1
new,own,4-10,top3_stress,0.5,tau,1146,0.002193916323362752,-0.00013063742991141679,0.00017536806131274575,0.00651762370159011,0.013622168088916396,0.0,0.1
new,own,4-10,top3_stress,0.8,tau,1146,0.0021939163247639074,-0.00013063742932772584,0.0001753680613530719,0.006517623700677042,0.013622168094855079,0.0,0.1
new,own,11-16,-,0.0,M,978,-7.3965846472134e-11,-2.432079782010987e-10,-8.184315447579139e-11,3.168679540976882e-11,2.8640965865633917e-10,,
new,own,11-16,linear,0.0,tau,978,0.03352777832816368,0.013252277490004582,0.0313213349633676,0.04588411291172664,0.06235861612716954,0.0,0.5
new,own,11-16,linear,0.5,tau,978,0.03352777834665514,0.013252277464951697,0.03132133497836744,0.045884112956628406,0.06235861619256494,0.0,0.5
new,own,11-16,linear,0.8,tau,978,0.03352777835775002,0.013252277449919967,0.03132133498736735,0.04588411298356945,0.06235861623180217,0.0,0.5
new,own,11-16,concave,0.0,tau,978,0.022114427148710068,0.00840867822439487,0.020525341041809322,0.03127937032313055,0.04151615473580965,0.0,0.6598722196914346
new,own,11-16,concave,0.5,tau,978,0.02211442717311407,0.00840867828510532,0.02052534102004487,0.03127937031259192,0.041516154755993906,0.0,0.6598722196914346
new,own,11-16,concave,0.8,tau,978,0.022114427187756476,0.008408678321531596,0.0205253410069862,0.03127937030626873,0.04151615476810446,0.0,0.6598722196914346
new,own,11-16,convex,0.0,tau,978,0.040603194416272505,0.017227590664468426,0.03765292890153568,0.05432652293875833,0.07478294134047934,0.0,0.33908045977011503
new,own,11-16,convex,0.5,tau,978,0.04060319442881269,0.017227590685321884,0.037652928874002456,0.05432652293439768,0.07478294138397,0.0,0.33908045977011503
new,own,11-16,convex,0.8,tau,978,0.0406031944363368,0.017227590697833958,0.03765292885748252,0.054326522931781265,0.0747829414100644,0.0,0.33908045977011503
new,own,11-16,top3_stress,0.0,tau,978,0.01975647884555325,0.010562084780540316,0.017749878098256885,0.025556753023993226,0.0358098057731986,0.0,0.1
new,own,11-16,top3_stress,0.5,tau,978,0.019756478849251538,0.010562084756216564,0.01774987811033861,0.025556753040887996,0.035809805777785364,0.0010224948875255625,0.1
new,own,11-16,top3_stress,0.8,tau,978,0.019756478851470517,0.010562084741622313,0.01774987811758765,0.02555675305102486,0.035809805780537426,0.0010224948875255625,0.1
new,own,17-30,-,0.0,M,2277,-2.08724751765063e-11,-3.3993273973464965e-10,0.0,3.073364496231079e-10,7.404014468193055e-10,,
new,own,17-30,linear,0.0,tau,2277,0.03391913535220017,0.01749283500335125,0.03078189676417517,0.045535238852030965,0.06088876272959571,0.0,0.5
new,own,17-30,linear,0.5,tau,2277,0.033919135357418286,0.017492834885226082,0.03078189665247103,0.045535238926027455,0.06088876285951521,0.0,0.5
new,own,17-30,linear,0.8,tau,2277,0.03391913536054916,0.017492834814350978,0.03078189658544855,0.04553523897042535,0.0608887629374669,0.0,0.5
new,own,17-30,concave,0.0,tau,2277,0.03391215681798628,0.025535653165533957,0.03283270147107018,0.04139383947820633,0.05163460433205004,0.0,0.6598722196914346
new,own,17-30,concave,0.5,tau,2277,0.03391215682487287,0.025535653153915042,0.032832701540975694,0.041393839693300204,0.05163460441736739,0.0,0.6598722196914346
new,own,17-30,concave,0.8,tau,2277,0.033912156829004815,0.0255356531469437,0.032832701582919,0.04139383982235652,0.05163460446855781,0.0,0.6598722196914346
new,own,17-30,convex,0.0,tau,2277,0.024603150926563296,0.004827549061904065,0.016195620152247448,0.03738769210251292,0.05859672760493515,0.0,0.33908045977011503
new,own,17-30,convex,0.5,tau,2277,0.024603150930102017,0.004827549048088109,0.016195620159821553,0.03738769220376414,0.05859672759759296,0.0,0.33908045977011503
new,own,17-30,convex,0.8,tau,2277,0.024603150932225256,0.004827549039798535,0.016195620164366015,0.037387692264514875,0.058596727593187646,0.0,0.33908045977011503
new,own,17-30,top3_stress,0.0,tau,2277,0.005287686564326028,0.0,0.00038476799469208347,0.006797646863851696,0.017782415334135295,0.0,0.1
new,own,17-30,top3_stress,0.5,tau,2277,0.005287686565369652,1.6298145055770863e-11,0.00038476795704627876,0.0067976468599517835,0.017782415312346714,0.15239350021958717,0.1
new,own,17-30,top3_stress,0.8,tau,2277,0.005287686565995826,2.6077032089233396e-11,0.000384767934458796,0.006797646857611836,0.01778241529927356,0.152832674571805,0.1
delta,actual,all,-,0.0,M,4896,-0.0005816977943959509,-2.778237373751019e-10,0.0,3.9730821299599486e-10,0.0029681994620954586,,
delta,actual,all,linear,0.0,tau,4896,-0.0021929549099026103,-0.006870266121494172,0.0,0.0007612320811479735,0.010218579514174618,0.0,0.5
delta,actual,all,linear,0.5,tau,4896,-0.0020475304613036226,-0.006844542940488786,0.0,0.0007365119576674411,0.009440303475312613,0.007352941176470588,0.5
delta,actual,all,linear,0.8,tau,4896,-0.0019602757921442296,-0.006843606559429951,0.0,0.0007267461367086311,0.008924778310550574,0.01082516339869281,0.5
delta,actual,all,concave,0.0,tau,4896,-0.0015003945748655594,-0.0043930109244363375,0.0,0.0008892627313998403,0.0073885175774717655,0.0,0.6598722196914346
delta,actual,all,concave,0.5,tau,4896,-0.0013084714674767254,-0.004092810002677722,0.0,0.0005191120914617264,0.006282833987892966,0.018790849673202614,0.6598722196914346
delta,actual,all,concave,0.8,tau,4896,-0.001193317603043425,-0.003913947254324484,0.0,0.00045415468740786806,0.005821939056023841,0.03574346405228758,0.6598722196914346
delta,actual,all,convex,0.0,tau,4896,-0.0030103936732468195,-0.010510495503672954,0.0,0.001205199423876385,0.013018455875819363,0.0,0.33908045977011503
delta,actual,all,convex,0.5,tau,4896,-0.002911772495461299,-0.010408084584773797,0.0,0.0012982896510750183,0.01247812951954027,0.004901960784313725,0.33908045977011503
delta,actual,all,convex,0.8,tau,4896,-0.002852599788789987,-0.010096362647128989,0.0,0.0011780024204810589,0.012299725306510703,0.009191176470588236,0.33908045977011503
delta,actual,all,top3_stress,0.0,tau,4896,-0.0025822321282281966,-0.007245971809315961,0.0,0.0011038817702262805,0.010015116476570256,0.0,0.1
delta,actual,all,top3_stress,0.5,tau,4896,-0.0025531472385083988,-0.00715692950023452,0.0,0.001235057692496125,0.009743405655335664,0.04064542483660131,0.1
delta,actual,all,top3_stress,0.8,tau,4896,-0.00253569630467652,-0.007070453592911736,0.0,0.001303740294835006,0.009679564189926895,0.04125816993464052,0.1
delta,actual,1-3,-,0.0,M,495,-0.0005913628143703904,-8.221612546321922e-10,-8.458300726488233e-13,4.40909388998989e-10,0.003829145410860066,,
delta,actual,1-3,linear,0.0,tau,495,-0.005589305475755038,-0.007667253908135799,-0.0027247579834611614,-0.001369845535734505,-0.00041667452319504487,0.0,0.5
delta,actual,1-3,linear,0.5,tau,495,-0.00544146477216244,-0.007720357027915094,-0.003135977888571154,-0.0015902044840340798,-0.0006025871877615664,0.01818181818181818,0.5
delta,actual,1-3,linear,0.8,tau,495,-0.005352760350006881,-0.0077203569970283985,-0.0032303341105821165,-0.0016581452483981685,-0.0007255536983588473,0.026262626262626262,0.5
delta,actual,1-3,concave,0.0,tau,495,-0.0033185222668050207,-0.004440253047112815,-0.0015223347285786134,-0.0005496861782061454,0.001292666184875245,0.0,0.6598722196914346
delta,actual,1-3,concave,0.5,tau,495,-0.0031234103203242394,-0.0040788200096300384,-0.0015086860238753658,-0.0006503626001076264,1.376892106431365e-05,0.07272727272727272,0.6598722196914346
delta,actual,1-3,concave,0.8,tau,495,-0.00300634315243577,-0.004078819968867494,-0.001601384980688593,-0.0008375197663873097,-0.00032016361173170033,0.13535353535353536,0.6598722196914346
delta,actual,1-3,convex,0.0,tau,495,-0.00900719583346904,-0.013074209275076822,-0.00534621066191518,-0.002729631215087647,-0.0011252941114078658,0.0,0.33908045977011503
delta,actual,1-3,convex,0.5,tau,495,-0.008906936045975209,-0.012443213547385618,-0.005551770653528378,-0.002991194180138769,-0.0011575979462938619,0.00808080808080808,0.33908045977011503
delta,actual,1-3,convex,0.8,tau,495,-0.00884678017347891,-0.012508823501104518,-0.005568643319186014,-0.0030092357134765984,-0.0011413104470402694,0.00808080808080808,0.33908045977011503
delta,actual,1-3,top3_stress,0.0,tau,495,-0.010233632931815166,-0.01582573306746781,-0.004315002338262275,-0.0008594752387034532,-7.091040465070315e-07,0.0,0.1
delta,actual,1-3,top3_stress,0.5,tau,495,-0.010204064791096647,-0.015638867180809028,-0.004364731809510276,-0.0008572388970489441,-1.0099832711687366e-06,0.014141414141414142,0.1
delta,actual,1-3,top3_stress,0.8,tau,495,-0.010186323906665535,-0.01555578281523816,-0.004369366098137588,-0.0008633814882879958,-1.009975542077503e-06,0.014141414141414142,0.1
delta,actual,4-10,-,0.0,M,1146,-0.004901820256523159,-0.0005874258392733398,-3.334007681043971e-11,2.9863138628627443e-10,0.0007493341984792434,,
delta,actual,4-10,linear,0.0,tau,1146,-0.014293008109770482,-0.02064623939660006,-0.011812588249174062,-0.005692797125510807,-0.0006030201935317597,0.0,0.5
delta,actual,4-10,linear,0.5,tau,1146,-0.013067553045639694,-0.019190865988075068,-0.011544479937787816,-0.0060783350374428845,-0.0006424199882333875,0.0017452006980802793,0.5
delta,actual,4-10,linear,0.8,tau,1146,-0.01233228000716122,-0.018212718515433532,-0.011123055004035341,-0.006195229086670966,-0.0006424199835176052,0.002617801047120419,0.5
delta,actual,4-10,concave,0.0,tau,1146,-0.010297387087651115,-0.012948368413731797,-0.006915662255358052,-0.003264779495857234,0.0,0.0,0.6598722196914346
delta,actual,4-10,concave,0.5,tau,1146,-0.00868009958105093,-0.012442323629831794,-0.006777157100902243,-0.0031688775588942877,0.0,0.028795811518324606,0.6598722196914346
delta,actual,4-10,concave,0.8,tau,1146,-0.007709727077090818,-0.01147689361204675,-0.006543530961467446,-0.0033035801914496517,-0.00037482553277716957,0.05148342059336824,0.6598722196914346
delta,actual,4-10,convex,0.0,tau,1146,-0.019241896938138277,-0.027712245013733587,-0.018119171629226757,-0.009984953232047834,-0.001129180060305091,0.0,0.33908045977011503
delta,actual,4-10,convex,0.5,tau,1146,-0.01841084120499211,-0.02714553723311887,-0.017710003242552588,-0.010161269193029988,-0.0012905512277612487,0.004363001745200698,0.33908045977011503
delta,actual,4-10,convex,0.8,tau,1146,-0.017912207765104406,-0.0263820973594783,-0.01706352721685414,-0.009917124260215425,-0.0012905512260964818,0.006108202443280977,0.33908045977011503
delta,actual,4-10,top3_stress,0.0,tau,1146,-0.016628419658191396,-0.022676192560702475,-0.015589735000248767,-0.009381560327019542,-0.0006670989573467523,0.0,0.1
delta,actual,4-10,top3_stress,0.5,tau,1146,-0.016383328645365233,-0.022586481584092686,-0.015428400450982855,-0.009054332942419563,-0.0005354495444021214,0.006108202443280977,0.1
delta,actual,4-10,top3_stress,0.8,tau,1146,-0.01623627403766954,-0.022432929080116314,-0.0152832827750516,-0.0087282120521835,-0.0004375000218627975,0.006980802792321117,0.1
delta,actual,11-16,-,0.0,M,978,-0.0024562796153733794,-6.604247460148191e-10,0.0,4.705096046087564e-10,0.0013374999803752957,,
delta,actual,11-16,linear,0.0,tau,978,-0.0015509208605854203,-0.009145071013489514,0.0,0.0060595145982645995,0.015160366287069595,0.0,0.5
delta,actual,11-16,linear,0.5,tau,978,-0.0009368509567420754,-0.007829483773194033,0.0,0.005581735234209268,0.014041373073212793,0.005112474437627812,0.5
delta,actual,11-16,linear,0.8,tau,978,-0.0005684090144360684,-0.0068206711163919225,0.0,0.005353057590500623,0.013292888230400084,0.009202453987730062,0.5
delta,actual,11-16,concave,0.0,tau,978,-0.00222807876726624,-0.006685659247389011,0.0,0.003570190613674297,0.011027930029350626,0.0,0.6598722196914346
delta,actual,11-16,concave,0.5,tau,978,-0.001417663426276613,-0.006014160267972548,0.0,0.003510602832742519,0.00909660794983462,0.006134969325153374,0.6598722196914346
delta,actual,11-16,concave,0.8,tau,978,-0.0009314142216828362,-0.00530564033961042,0.0,0.0032866011978735094,0.00834029215821987,0.012269938650306749,0.6598722196914346
delta,actual,11-16,convex,0.0,tau,978,0.00031459592414025703,-0.008305650914787,0.0,0.008989219348328857,0.020179222761610077,0.0,0.33908045977011503
delta,actual,11-16,convex,0.5,tau,978,0.0007310341347926402,-0.007668938054178686,0.0,0.008742433575721253,0.01918995666821186,0.0081799591002045,0.33908045977011503
delta,actual,11-16,convex,0.8,tau,978,0.00098089706118407,-0.006961902604650875,0.0,0.008690827439374965,0.01840649659725082,0.022494887525562373,0.33908045977011503
delta,actual,11-16,top3_stress,0.0,tau,978,0.005255623570878216,0.0,0.0026161032589152454,0.010693876012810506,0.017706181624438613,0.0,0.1
delta,actual,11-16,top3_stress,0.5,tau,978,0.005378437551646885,0.0,0.0031099538245651596,0.01075601149647214,0.017047924069707735,0.03680981595092025,0.1
delta,actual,11-16,top3_stress,0.8,tau,978,0.005452125940108087,0.0,0.0032697754155378784,0.010948880259171893,0.016895467624344716,0.03885480572597137,0.1
delta,actual,17-30,-,0.0,M,2277,0.00239985053560012,0.0,0.0,4.435605661587405e-10,0.004996223676633201,,
delta,actual,17-30,linear,0.0,tau,2277,0.00435950235707733,0.0,2.2384031311456313e-06,0.004070582038518204,0.015402199897233047,0.0,0.5
delta,actual,17-30,linear,0.5,tau,2277,0.003759539723177299,0.0,5.716471039641905e-06,0.003896597883789168,0.01379783126508264,0.00878348704435661,0.5
delta,actual,17-30,linear,0.8,tau,2277,0.0033995621428372816,0.0,8.351291650263915e-06,0.003795119578248624,0.012589588369160356,0.012296881862099254,0.5
delta,actual,17-30,concave,0.0,tau,2277,0.003634871901783606,0.0,0.0,0.0027778962082998264,0.012779781816104473,0.0,0.6598722196914346
delta,actual,17-30,concave,0.5,tau,2277,0.002843074551856541,0.0,0.0,0.002454282941171315,0.010297163697984401,0.007465963987703118,0.6598722196914346
delta,actual,17-30,concave,0.8,tau,2277,0.0023679961419003017,0.0,1.2901624011821125e-06,0.0022896668004536947,0.008785900459266785,0.016249451032059728,0.6598722196914346
delta,actual,17-30,convex,0.0,tau,2277,0.005034349403007483,0.0,1.2955226813550182e-05,0.005480928698727115,0.0177943738321381,0.0,0.33908045977011503
delta,actual,17-30,convex,0.5,tau,2277,0.0046274781915120605,0.0,1.3661578903000032e-05,0.005151350770607354,0.01649590138921619,0.0030742204655248135,0.33908045977011503
delta,actual,17-30,convex,0.8,tau,2277,0.004383355464614806,0.0,1.3061088185112894e-05,0.005151350796867325,0.015462664769044105,0.005270092226613966,0.33908045977011503
delta,actual,17-30,top3_stress,0.0,tau,2277,0.0027840179523108033,0.0,2.1258610831864644e-06,0.0025937500526197256,0.009826935953227806,0.0,0.1
delta,actual,17-30,top3_stress,0.5,tau,2277,0.0026640254255307972,0.0,5.307144761900418e-06,0.002551215451006101,0.00943928641550589,0.06543697848045674,0.1
delta,actual,17-30,top3_stress,0.8,tau,2277,0.0025920299094627937,0.0,5.307144770631566e-06,0.0025853611637320713,0.009143268603973558,0.06543697848045674,0.1
delta,own,all,-,0.0,M,4896,-1.3672058891328372e-11,-1.981470632386219e-10,0.0,1.7734877844066687e-10,4.993012225895654e-10,,
delta,own,all,linear,0.0,tau,4896,-0.0010355637434328118,-0.007821551651506223,-3.2327583477157924e-06,0.003368337587726385,0.013107428098549558,0.0,0.5
delta,own,all,linear,0.5,tau,4896,-0.0010355637400147972,-0.007821551723928927,-3.2327586989689224e-06,0.003368337451992395,0.01310742809463873,0.0,0.5
delta,own,all,linear,0.8,tau,4896,-0.0010355637379639885,-0.007821551767382548,-3.2327588133770794e-06,0.003368337370552001,0.01310742809229223,0.0004084967320261438,0.5
delta,own,all,concave,0.0,tau,4896,-0.0006025079348199368,-0.004520431304538062,-8.062012202230434e-06,0.0017601107991314633,0.007682918482964088,0.0,0.6598722196914346
delta,own,all,concave,0.5,tau,4896,-0.0006025079303090309,-0.004520431247216411,-8.062071802405317e-06,0.0017601108691819428,0.007682918679429286,0.0,0.6598722196914346
delta,own,all,concave,0.8,tau,4896,-0.0006025079276024874,-0.004520431212823419,-8.062107562510238e-06,0.0017601109112122305,0.0076829187973084054,0.0,0.6598722196914346
delta,own,all,convex,0.0,tau,4896,-0.0015762156550824214,-0.011800335544698112,0.0,0.005535961193170144,0.018868906029024093,0.0,0.33908045977011503
delta,own,all,convex,0.5,tau,4896,-0.001576215652764457,-0.01180033554445543,0.0,0.005535961161679237,0.018868905852864486,0.0,0.33908045977011503
delta,own,all,convex,0.8,tau,4896,-0.0015762156513736787,-0.011800335544309825,0.0,0.005535961142784692,0.018868905747168718,0.0,0.33908045977011503
delta,own,all,top3_stress,0.0,tau,4896,-0.0014763100349858736,-0.008981256539700552,0.0,0.005093307444240054,0.014723630912485533,0.0,0.1
delta,own,all,top3_stress,0.5,tau,4896,-0.0014763100343022707,-0.008981256536651121,0.0,0.005093307442082907,0.0147236309426045,0.018790849673202614,0.1
delta,own,all,top3_stress,0.8,tau,4896,-0.0014763100338921092,-0.008981256534821461,0.0,0.0050933074407886175,0.014723630960675877,0.018790849673202614,0.1
delta,own,1-3,-,0.0,M,495,-4.509730014704034e-11,-2.0319804505675163e-10,-1.8125625445009063e-11,1.3111655761122165e-10,3.154203303823433e-10,,
delta,own,1-3,linear,0.0,tau,495,-0.005047446789608708,-0.0069283515250824455,-0.0034139964925548037,-0.0020491535138069906,-0.0013910018089320813,0.0,0.5
delta,own,1-3,linear,0.5,tau,495,-0.005047446778334383,-0.0069283514502032325,-0.0034139964377137744,-0.0020491534823791173,-0.001391001793337885,0.0,0.5
delta,own,1-3,linear,0.8,tau,495,-0.005047446771569788,-0.006928351405275705,-0.003413996404809157,-0.002049153463522393,-0.0013910017839813675,0.0,0.5
delta,own,1-3,concave,0.0,tau,495,-0.0026785609708470793,-0.00364518529915259,-0.0018250309970898593,-0.0011075185591879937,-0.0007543950807547788,0.0,0.6598722196914346
delta,own,1-3,concave,0.5,tau,495,-0.002678560955967852,-0.0036451852003311644,-0.0018250309247137156,-0.0011075185257506202,-0.0007543950601744252,0.0,0.6598722196914346
delta,own,1-3,concave,0.8,tau,495,-0.0026785609470403155,-0.003645185141038308,-0.0018250308812880292,-0.0011075185056881962,-0.000754395047826213,0.0,0.6598722196914346
delta,own,1-3,convex,0.0,tau,495,-0.008812482837962122,-0.012176810480096958,-0.005809375101542499,-0.0034890156698850023,-0.002354411174354961,0.0,0.33908045977011503
delta,own,1-3,convex,0.5,tau,495,-0.008812482830316316,-0.012176810425810519,-0.005809375153981455,-0.003489015681512147,-0.002354411156515107,0.0,0.33908045977011503
delta,own,1-3,convex,0.8,tau,495,-0.00881248282572883,-0.012176810393238657,-0.005809375185444827,-0.003489015688488434,-0.0023544111458111954,0.0,0.33908045977011503
delta,own,1-3,top3_stress,0.0,tau,495,-0.010233778673945461,-0.015674070892855524,-0.0042174926557345315,-0.0008718736161426932,-6.008137844332804e-06,0.0,0.1
delta,own,1-3,top3_stress,0.5,tau,495,-0.010233778671690594,-0.015674070897673927,-0.004217492653049824,-0.0008718736211658039,-6.00813502302908e-06,0.012121212121212121,0.1
delta,own,1-3,top3_stress,0.8,tau,495,-0.010233778670337675,-0.015674070900564965,-0.004217492651439,-0.0008718736241796704,-6.008133330246846e-06,0.012121212121212121,0.1
delta,own,4-10,-,0.0,M,1146,1.7061139075814848e-12,-1.785676421311999e-10,3.903533035004569e-12,1.950517614156093e-10,4.459374025600482e-10,,
delta,own,4-10,linear,0.0,tau,1146,-0.012622365978037169,-0.017940346964316966,-0.011373989443749816,-0.007241032712894234,-0.00397805328596531,0.0,0.5
delta,own,4-10,linear,0.5,tau,1146,-0.012622365978463697,-0.017940347121777535,-0.011373989428944322,-0.007241032717393615,-0.003978053254505048,0.0,0.5
delta,own,4-10,linear,0.8,tau,1146,-0.012622365978719614,-0.017940347216253878,-0.011373989420061022,-0.007241032720093241,-0.003978053235628889,0.0,0.5
delta,own,4-10,concave,0.0,tau,1146,-0.00723182627315393,-0.01037036541018861,-0.006308797363859279,-0.004083173477872555,-0.002216271516656105,0.0,0.6598722196914346
delta,own,4-10,concave,0.5,tau,1146,-0.0072318262737168385,-0.010370365445353382,-0.006308797420414006,-0.004083173487862765,-0.0022162714268559487,0.0,0.6598722196914346
delta,own,4-10,concave,0.8,tau,1146,-0.007231826274054585,-0.010370365466452248,-0.006308797454346843,-0.004083173493856892,-0.0022162713729758548,0.0,0.6598722196914346
delta,own,4-10,convex,0.0,tau,1146,-0.01939893273716486,-0.027014122576340865,-0.018419641381648262,-0.01150674425585205,-0.006438084047979841,0.0,0.33908045977011503
delta,own,4-10,convex,0.5,tau,1146,-0.019398932737454116,-0.027014122549961456,-0.018419641407824653,-0.011506744250568777,-0.006438084104054268,0.0,0.33908045977011503
delta,own,4-10,convex,0.8,tau,1146,-0.01939893273762767,-0.027014122534133815,-0.018419641423530485,-0.01150674424739881,-0.006438084137698924,0.0,0.33908045977011503
delta,own,4-10,top3_stress,0.0,tau,1146,-0.017649492062714607,-0.022997738962003494,-0.01628904958954081,-0.010752213056694018,-0.005465473852818831,0.0,0.1
delta,own,4-10,top3_stress,0.5,tau,1146,-0.01764949206279991,-0.022997738951964213,-0.016289049592139424,-0.010752213062289111,-0.005465473851277238,0.0,0.1
delta,own,4-10,top3_stress,0.8,tau,1146,-0.017649492062851095,-0.022997738945940642,-0.01628904959369859,-0.010752213065646166,-0.005465473850352282,0.0,0.1
delta,own,11-16,-,0.0,M,978,-2.8509927781420377e-11,-4.1095972846310125e-10,-2.3374013835564255e-11,3.047591690119589e-10,6.978589226491749e-10,,
delta,own,11-16,linear,0.0,tau,978,0.0009017037538329676,-0.009914809190097889,0.0009448678737731006,0.008872580245619056,0.017402577483009204,0.0,0.5
delta,own,11-16,linear,0.5,tau,978,0.0009017037609604499,-0.00991480907354552,0.0009448676227525629,0.008872580252336811,0.017402577480519914,0.0,0.5
delta,own,11-16,linear,0.8,tau,978,0.0009017037652369387,-0.009914809003614097,0.0009448674721402404,0.008872580256367463,0.017402577479026342,0.0,0.5
delta,own,11-16,concave,0.0,tau,978,9.267667642070229e-05,-0.006475831385232192,0.00017142521588592405,0.0047826555240220465,0.010219958092262093,0.0,0.6598722196914346
delta,own,11-16,concave,0.5,tau,978,9.267668582715672e-05,-0.0064758315922581605,0.00017142522548906644,0.004782655887208996,0.01021995813498799,0.0,0.6598722196914346
delta,own,11-16,concave,0.8,tau,978,9.267669147102973e-05,-0.006475831716473741,0.00017142523125095182,0.004782656105121165,0.010219958160623531,0.0,0.6598722196914346
delta,own,11-16,convex,0.0,tau,978,0.0032871810050332457,-0.012053977575059681,0.0033289358676365836,0.014832277886180228,0.02747244707652583,0.0,0.33908045977011503
delta,own,11-16,convex,0.5,tau,978,0.0032871810098668262,-0.012053977584299103,0.003328935912045014,0.014832277841665494,0.027472447020941274,0.0,0.33908045977011503
delta,own,11-16,convex,0.8,tau,978,0.003287181012766973,-0.012053977589842757,0.0033289359386900726,0.014832277814956649,0.027472446987590545,0.0,0.33908045977011503
delta,own,11-16,top3_stress,0.0,tau,978,0.008308025655914769,-0.00010795032170335617,0.00785608117468655,0.015317022303352133,0.023436803678399884,0.0,0.1
delta,own,11-16,top3_stress,0.5,tau,978,0.008308025657340264,-0.00010795032138782279,0.007856081189589074,0.015317022286954397,0.023436803678675126,0.0,0.1
delta,own,11-16,top3_stress,0.8,tau,978,0.008308025658195564,-0.00010795032119850277,0.007856081198530592,0.015317022277115757,0.02343680367884027,0.0,0.1
delta,own,17-30,-,0.0,M,2277,-8.207173441817297e-12,-1.1736887017832487e-10,0.0,1.104490365833044e-10,5.059609975432978e-10,,
delta,own,17-30,linear,0.0,tau,2277,0.004836069922086613,0.0,0.00016435712402983034,0.007670827394875169,0.01580928952832824,0.0,0.5
delta,own,17-30,linear,0.5,tau,2277,0.004836069924138406,0.0,0.00016435713996417752,0.007670827307206701,0.015809289774548232,0.0,0.5
delta,own,17-30,linear,0.8,tau,2277,0.0048360699253694826,0.0,0.0001643571495247858,0.00767082725460562,0.01580928992228023,0.000878348704435661,0.5
delta,own,17-30,concave,0.0,tau,2277,0.0028867123193613755,0.0,7.30869773168476e-05,0.004675908993117869,0.009555081777091853,0.0,0.6598722196914346
delta,own,17-30,concave,0.5,tau,2277,0.002886712322069218,0.0,7.30869860085532e-05,0.004675908754090012,0.009555081877168114,0.0,0.6598722196914346
delta,own,17-30,concave,0.8,tau,2277,0.0028867123236939237,0.0,7.308699122357658e-05,0.004675908610673299,0.009555081937213869,0.0,0.6598722196914346
delta,own,17-30,convex,0.0,tau,2277,0.006878059311100629,0.0,0.0003444044358335947,0.010395650434823371,0.022303234583592464,0.0,0.33908045977011503
delta,own,17-30,convex,0.5,tau,2277,0.006878059312492076,0.0,0.00034440442949305763,0.010395650395262858,0.02230323464063262,0.0,0.33908045977011503
delta,own,17-30,convex,0.8,tau,2277,0.006878059313326944,0.0,0.0003444044256887353,0.010395650371526552,0.022303234674856724,0.0,0.33908045977011503
delta,own,17-30,top3_stress,0.0,tau,2277,0.004364855215063003,0.0,0.0003508779474759649,0.005994339645985747,0.01441903142957017,0.0,0.1
delta,own,17-30,top3_stress,0.5,tau,2277,0.004364855215473361,0.0,0.0003508779137828242,0.005994339652947018,0.014419031443523299,0.037768994290733424,0.1
delta,own,17-30,top3_stress,0.8,tau,2277,0.004364855215719577,0.0,0.0003508778935669398,0.005994339657123783,0.014419031451895178,0.037768994290733424,0.1
