rule,portfolio,seed_group,value_class,verdict,share,lo99,hi99,n
old,actual,<0.01,B,dominance_positive,0.7181571815718157,0.593659415998842,0.8189923132234836,369
old,actual,<0.01,B,reversal,0.051490514905149054,0.013289036544850499,0.08433764836019014,369
old,actual,<0.01,B,negligible,0.18157181571815717,0.08333102493074793,0.29577742772424026,369
old,actual,<0.01,B,unresolved,0.04878048780487805,0.020460358056265986,0.08849669541839367,369
old,actual,0.01-0.05,B,dominance_positive,0.7215189873417721,0.5362267080745342,0.9264741750358682,79
old,actual,0.01-0.05,B,reversal,0.05063291139240506,0.0,0.14773148148148157,79
old,actual,0.01-0.05,B,negligible,0.22784810126582278,0.0596997157071784,0.3809586466165415,79
old,actual,0.01-0.05,B,unresolved,0.0,0.0,0.0,79
old,actual,>=0.05,B,dominance_positive,0.7164179104477612,0.5888885542168675,0.8190072507223465,804
old,actual,>=0.05,B,reversal,0.03109452736318408,0.007692209199251453,0.06629920092393173,804
old,actual,>=0.05,B,negligible,0.24378109452736318,0.16027764417340093,0.34436109726766484,804
old,actual,>=0.05,B,unresolved,0.008706467661691543,0.0,0.027638373819607504,804
old,own,<0.01,B,dominance_positive,0.8997289972899729,0.7987543605184887,0.9863391700540493,369
old,own,<0.01,B,reversal,0.0,0.0,0.0,369
old,own,<0.01,B,negligible,0.1002710027100271,0.013660829945950775,0.20124563948151142,369
old,own,<0.01,B,unresolved,0.0,0.0,0.0,369
old,own,0.01-0.05,B,dominance_positive,1.0,1.0,1.0,79
old,own,0.01-0.05,B,reversal,0.0,0.0,0.0,79
old,own,0.01-0.05,B,negligible,0.0,0.0,0.0,79
old,own,0.01-0.05,B,unresolved,0.0,0.0,0.0,79
old,own,>=0.05,B,dominance_positive,1.0,1.0,1.0,804
old,own,>=0.05,B,reversal,0.0,0.0,0.0,804
old,own,>=0.05,B,negligible,0.0,0.0,0.0,804
old,own,>=0.05,B,unresolved,0.0,0.0,0.0,804
new,actual,<0.01,B,dominance_positive,0.11382113821138211,0.05151282051282052,0.17714562211981572,369
new,actual,<0.01,B,reversal,0.35772357723577236,0.21309628261371516,0.49862295881062635,369
new,actual,<0.01,B,negligible,0.4444444444444444,0.30674404465815513,0.5964532479952918,369
new,actual,<0.01,B,unresolved,0.08401084010840108,0.03137207654145996,0.15850179236662684,369
new,actual,0.01-0.05,B,dominance_positive,0.6075949367088608,0.4090909090909091,0.8695792426367465,79
new,actual,0.01-0.05,B,reversal,0.0379746835443038,0.0,0.14473684210526316,79
new,actual,0.01-0.05,B,negligible,0.35443037974683544,0.08974358974358974,0.5618047752808991,79
new,actual,0.01-0.05,B,unresolved,0.0,0.0,0.0,79
new,actual,>=0.05,B,dominance_positive,0.7338308457711443,0.6293719676549866,0.8108952482579898,804
new,actual,>=0.05,B,reversal,0.03482587064676617,0.009546085862164754,0.0630761226912349,804
new,actual,>=0.05,B,negligible,0.22512437810945274,0.15161437596220206,0.3172516381314733,804
new,actual,>=0.05,B,unresolved,0.006218905472636816,0.0,0.015094495127513999,804
new,own,<0.01,B,dominance_positive,0.14363143631436315,0.06648928802970472,0.23301205132876968,369
new,own,<0.01,B,reversal,0.35501355013550134,0.19586399779266064,0.5119411997298056,369
new,own,<0.01,B,negligible,0.48509485094850946,0.35555048859934857,0.6355140186915887,369
new,own,<0.01,B,unresolved,0.016260162601626018,0.0,0.044643712916476515,369
new,own,0.01-0.05,B,dominance_positive,0.8481012658227848,0.6349155145929339,1.0,79
new,own,0.01-0.05,B,reversal,0.0,0.0,0.0,79
new,own,0.01-0.05,B,negligible,0.1518987341772152,0.0,0.3650844854070661,79
new,own,0.01-0.05,B,unresolved,0.0,0.0,0.0,79
new,own,>=0.05,B,dominance_positive,1.0,1.0,1.0,804
new,own,>=0.05,B,reversal,0.0,0.0,0.0,804
new,own,>=0.05,B,negligible,0.0,0.0,0.0,804
new,own,>=0.05,B,unresolved,0.0,0.0,0.0,804
