rule,portfolio,band,curve,n,mean,q25,median,q75,q90,share_sig_pos,pos_lo99,pos_hi99,share_sig_neg,neg_lo99,neg_hi99
old,actual,all,linear,1252,0.017508938838469996,0.0007241749616759049,0.01023528172272299,0.02964554678443998,0.04203507321458344,0.6693290734824281,0.533161893789774,0.800259102641551,0.01757188498402556,0.002636111530044722,0.03684210526315789
old,actual,all,concave,1252,0.0163373853370958,0.0006330160571127003,0.008827166592087689,0.02787473388379721,0.038943004041850506,0.634185303514377,0.49112877396395366,0.7736188136826785,0.018370607028753993,0.0042253283212790255,0.036825049530536655
old,actual,all,convex,1252,0.016025513787345298,0.0004966650638978775,0.009016824918715704,0.02767893248002721,0.040945398414799085,0.6749201277955271,0.5658561846570895,0.7690754896083136,0.011980830670926517,0.0008848321981806674,0.02618376600284498
old,actual,all,top3_stress,1252,0.006789438021056851,0.0,0.0008617136458924979,0.010953125012892997,0.022899783291853968,0.4145367412140575,0.359207987651939,0.4871591983407293,0.001597444089456869,0.0,0.006622626382436605
old,actual,1-3,linear,128,0.002897756132633183,0.0017863826916982672,0.0026649226658650646,0.005284482759673441,0.0076105745980873645,0.453125,0.19641550522648088,0.6969718309859155,0.015625,0.0,0.057971014492753624
old,actual,1-3,concave,128,0.0014882423818273665,0.0009809765448175658,0.00146070670230442,0.0028896742109617503,0.004418460092374818,0.2890625,0.0935245074968063,0.5309762168141594,0.0234375,0.0,0.06818181818181818
old,actual,1-3,convex,128,0.0050998171818625974,0.002952075276751224,0.0042304312064410385,0.007407140256452181,0.01093067317753731,0.765625,0.6417910447761194,0.8800034188034189,0.015625,0.0,0.057971014492753624
old,actual,1-3,top3_stress,128,0.0043170283428684685,0.000285649704055686,0.0012815426246379502,0.005461446863337187,0.012144910731178241,0.3671875,0.1587261904761905,0.6052761000862815,0.0,0.0,0.0
old,actual,4-10,linear,295,0.017883176916996108,0.005481566551865328,0.014017237103628226,0.026547283440244242,0.03758954898018395,0.847457627118644,0.7209268125854993,0.9560823140658907,0.02711864406779661,0.0,0.07357998885172802
old,actual,4-10,concave,295,0.013658915761245978,0.003152494262760633,0.008912217780017693,0.01775525357245842,0.034604422989624316,0.7627118644067796,0.5793319091085648,0.9370646926295463,0.030508474576271188,0.0,0.08361508057160237
old,actual,4-10,convex,295,0.022872162168207817,0.008980871162131521,0.01946463321369214,0.03605692768044981,0.04576763624552548,0.8745762711864407,0.7635131089173005,0.9653980326869926,0.010169491525423728,0.0,0.030821917808219176
old,actual,4-10,top3_stress,295,0.018263238401020208,0.00964295174460858,0.01676562496286351,0.027583707010780927,0.03378505235537887,0.8711864406779661,0.7689218925011697,0.9598540145985401,0.003389830508474576,0.0,0.019293048622337508
old,actual,11-16,linear,243,0.02798067301940003,0.007855999316794112,0.02668124792952862,0.03736027634882052,0.05230997542408697,0.8106995884773662,0.6548211968769206,0.9152542372881356,0.0,0.0,0.0
old,actual,11-16,concave,243,0.02251354600758418,0.006360750820476102,0.01826331727962998,0.028008287661666548,0.03994390623884237,0.8065843621399177,0.6534640264026403,0.9109344903345263,0.0,0.0,0.0
old,actual,11-16,convex,243,0.02935097814792715,0.007971418014169403,0.029861467422349387,0.041399236080351856,0.060205783260903166,0.7983539094650206,0.6428571428571429,0.9098042430086789,0.00411522633744856,0.0,0.026202022523557827
old,actual,11-16,top3_stress,243,0.009090187203325745,0.0019521544378949328,0.006465281299315393,0.014355763287749141,0.02110723822563887,0.7160493827160493,0.582642924086223,0.8522838345864664,0.0,0.0,0.0
old,actual,17-30,linear,586,0.01616968926034015,0.0,0.007441846450413417,0.029805225079267035,0.04145680128182555,0.568259385665529,0.33454545454545453,0.7542110453648916,0.020477815699658702,0.0,0.05657183145321837
old,actual,17-30,concave,586,0.018368156293104985,0.0,0.011656500374061744,0.03233573002693503,0.04245999553233496,0.5733788395904437,0.3386520960606699,0.7604989897258178,0.01877133105802048,0.0,0.056438709303672834
old,actual,17-30,convex,586,0.009439575312133618,0.0,0.0028543951785563676,0.01576435316087185,0.028730682353006007,0.5034129692832765,0.31531334613301826,0.6520429973023429,0.015358361774744027,0.0,0.04013377926421405
old,actual,17-30,top3_stress,586,0.0005993616992609131,0.0,0.0,0.00026352690803832957,0.0017944006551988423,0.06996587030716724,0.031483387034897,0.1138792096621278,0.0017064846416382253,0.0,0.010526500786236244
old,own,all,linear,1252,0.024014051342155875,0.008152532241914846,0.023772326232930685,0.03521599000222805,0.04570528667636936,0.8801916932907349,0.8086206071605345,0.9418970348516079,0.0,0.0,0.0
old,own,all,concave,1252,0.021117136011464005,0.006144999914463706,0.02102989443242509,0.031837421649663515,0.03958289863447607,0.8490415335463258,0.7702682364638886,0.9267567248159991,0.0,0.0,0.0
old,own,all,convex,1252,0.021769763250476238,0.006162966327312903,0.01878716396710139,0.032910878025918855,0.04420541458875348,0.8642172523961661,0.8118627498913515,0.9081346423562412,0.0,0.0,0.0
old,own,all,top3_stress,1252,0.00771071519045424,2.1228190573607565e-05,0.0025668913405388592,0.012875830025877803,0.02382579002529383,0.48722044728434505,0.4264257851371253,0.5477120287674448,0.0,0.0,0.0
old,own,1-3,linear,128,0.0032827301545793166,0.0018386024345101804,0.0024462762407290095,0.004047414637102104,0.006090288175466298,0.34375,0.09836065573770492,0.6350420635902513,0.0,0.0,0.0
old,own,1-3,concave,128,0.0017893404539101889,0.0010019771753009723,0.0013326344635018453,0.0022054669448466676,0.0033202665166151353,0.1953125,0.016390798519301968,0.4406959652017403,0.0,0.0,0.0
old,own,1-3,convex,128,0.005534326588478678,0.0030927740252230133,0.004128911927732298,0.006822592351229211,0.01027037242863296,0.78125,0.5929203539823009,0.9298245614035088,0.0,0.0,0.0
old,own,1-3,top3_stress,128,0.004402045874250738,0.0002128175821113132,0.001291017776238732,0.00566512638644781,0.012896478090435266,0.375,0.1587261904761905,0.6271219674310403,0.0,0.0,0.0
old,own,4-10,linear,295,0.016196584000511282,0.007089877190181975,0.012413995093184296,0.02460258063335789,0.032063038834177986,0.9220338983050848,0.8201200886205003,0.9897962642684193,0.0,0.0,0.0
old,own,4-10,concave,295,0.009517040784380832,0.003933903904405367,0.006896659988715751,0.014405842453942613,0.019091686638524723,0.8338983050847457,0.6794277446406426,0.9732462189599551,0.0,0.0,0.0
old,own,4-10,convex,295,0.023902257747504214,0.011379852829009836,0.019080735426974485,0.03629989120566354,0.045767549636782874,0.9491525423728814,0.8557036076854119,0.9965397923875432,0.0,0.0,0.0
old,own,4-10,top3_stress,295,0.019624991698867573,0.01120677703525871,0.017889076666906475,0.02764968602452427,0.03364156565815211,0.9525423728813559,0.8669198925498643,0.9966102840128265,0.0,0.0,0.0
old,own,11-16,linear,243,0.03294302855882273,0.022330820714620326,0.030597093599318562,0.03991260120835377,0.054951473050652455,0.9917695473251029,0.9705872709739634,1.0,0.0,0.0,0.0
old,own,11-16,concave,243,0.022224428700299753,0.014603146725902637,0.020652320650808294,0.0277193332006393,0.037044227626846525,0.9794238683127572,0.9387682860754922,1.0,0.0,0.0,0.0
old,own,11-16,convex,243,0.03767801120649163,0.026734142829156038,0.03432785236165636,0.044522923547492974,0.06604385969691495,0.9917695473251029,0.9705872709739634,1.0,0.0,0.0,0.0
old,own,11-16,top3_stress,243,0.011319064999219254,0.005296478960663081,0.00844461583532393,0.016293665114790204,0.022559684760868552,0.9094650205761317,0.7652526926263464,0.9920318725099602,0.0,0.0,0.0
old,own,17-30,linear,586,0.028775178499399756,0.017216870406866824,0.02903202379207555,0.03863793683432909,0.04820290340692736,0.9300341296928327,0.8617338359259582,0.9916110188323495,0.0,0.0,0.0
old,own,17-30,concave,586,0.030719377990933872,0.024034426885236954,0.030929265906375625,0.03731956440964436,0.0448458378593135,0.9453924914675768,0.8912379559122057,0.9943609022556391,0.0,0.0,0.0
old,own,17-30,convex,586,0.017645779910545677,0.004638711374039029,0.01482650864256543,0.027699595771005885,0.036814545987397126,0.7866894197952219,0.7154980992422144,0.8583825935216491,0.0,0.0,0.0
old,own,17-30,top3_stress,586,0.0009393314002873747,0.0,2.783650015582291e-05,0.0007563374046367245,0.002864210483967327,0.10238907849829351,0.04120194934093455,0.18426558058743028,0.0,0.0,0.0
new,actual,all,linear,1252,0.015887754966238996,0.0,0.0037682333809431747,0.02906048125866399,0.04529527429828487,0.5151757188498403,0.3856676829268293,0.6348233735220455,0.06389776357827476,0.02033271719038817,0.10910549928679009
new,actual,all,concave,1252,0.015478893254350408,0.0,0.004152303709653972,0.029037642088770778,0.04136440214039326,0.5263578274760383,0.40046642224302087,0.6304347826086957,0.04233226837060703,0.014406050818875586,0.07077658563623407
new,actual,all,convex,1252,0.013521549193489812,0.0,0.0018933793736027756,0.021735672071937162,0.043274199988235104,0.48242811501597443,0.37065739329268294,0.5976701287657921,0.07987220447284345,0.033210260032287824,0.12195180301085308
new,actual,all,top3_stress,1252,0.0047856012986837865,0.0,0.0,0.007211008132435382,0.021309145539999012,0.3282747603833866,0.24391960822180053,0.42051868521549385,0.09904153354632587,0.04626252346668521,0.14003389332521854
new,actual,1-3,linear,128,-0.0028262522637716716,-0.003191543123474698,-0.00027364342333558594,0.0003234549456277005,0.00190277482547741,0.0859375,0.00869490254872564,0.1690151201325601,0.2890625,0.05555045871559635,0.5625088028169016
new,actual,1-3,concave,128,-0.0017419640089507092,-0.0017059211737270028,-0.00016160698435786633,0.0002700601499910021,0.0042630454331643195,0.140625,0.0,0.34210763394973925,0.1796875,0.034782608695652174,0.3643410852713178
new,actual,1-3,convex,128,-0.004295799579342488,-0.006092110516418568,-0.0012265464804976207,-5.6660087618180184e-05,0.0005346351076202908,0.0703125,0.008,0.14583485401459859,0.375,0.14284523809523814,0.6296448087431697
new,actual,1-3,top3_stress,128,-0.006408625724706246,-0.01006221487536095,-0.003282621989492327,-0.00024813777559757,0.0,0.015625,0.0,0.06299212598425197,0.546875,0.25,0.8032910144212995
new,actual,4-10,linear,295,0.004602814428955835,0.0,0.0006795403579498872,0.00682180806377989,0.016777370760700103,0.34576271186440677,0.1490173010380623,0.5512416230047522,0.11186440677966102,0.0439176859341093,0.19413919413919414
new,actual,4-10,concave,295,0.004527763916383768,0.0,0.0007030760656538364,0.005523091532317775,0.015461661465865391,0.37966101694915255,0.20973531109828134,0.5576943319838057,0.06779661016949153,0.019684267407750505,0.14339637267807517
new,actual,4-10,convex,295,0.004420146059063086,-0.00017885142371836966,0.0002618937736151616,0.007626395654347696,0.019159810367181403,0.34915254237288135,0.1578929706817379,0.5724154616240268,0.16271186440677965,0.06883886919201344,0.23948220064724918
new,actual,4-10,top3_stress,295,0.0020149929923141954,-0.00015218305848975434,5.397026106948033e-06,0.00664242260158062,0.01360286192130298,0.3254237288135593,0.13468013468013468,0.5454545454545454,0.17288135593220338,0.07632949119552328,0.2529211563404171
new,actual,11-16,linear,243,0.026987565240713537,0.0006940689328407759,0.022278763312067525,0.04015733527790369,0.05547689152903985,0.7160493827160493,0.5412813956986012,0.8614260100406408,0.0,0.0,0.0
new,actual,11-16,concave,243,0.020701789861351325,0.0004493574399798432,0.016536497840728262,0.029367301242863256,0.04265170527263769,0.691358024691358,0.5045454545454545,0.8528151260504202,0.0,0.0,0.0
new,actual,11-16,convex,243,0.030548752340266626,0.00045730410821589757,0.02683311349015066,0.044116638600246685,0.06212619022601466,0.7078189300411523,0.5152838427947598,0.860870908175256,0.0,0.0,0.0
new,actual,11-16,top3_stress,243,0.016674934542386183,0.00037234556882737024,0.013762333588674664,0.024148370227776467,0.03392657364532352,0.6872427983539094,0.5020370370370372,0.8398763853367436,0.00411522633744856,0.0,0.02597629444791022
new,actual,17-30,linear,586,0.021053619278939645,0.0,0.015291839078759199,0.03664419742301828,0.05048242917094944,0.6109215017064846,0.40069442185721266,0.7858198154844258,0.017064846416382253,0.0,0.05486766892936552
new,actual,17-30,concave,586,0.022587577569881934,0.0,0.0209131607155226,0.03618393192650379,0.051972495611420165,0.6160409556313993,0.41049403097678966,0.784793505239934,0.017064846416382253,0.0,0.05486766892936552
new,actual,17-30,convex,586,0.014934389130199116,0.0,0.004897800024864955,0.02392096671968611,0.043057304978606756,0.5460750853242321,0.3757302979671401,0.6840560150562132,0.006825938566552901,0.0,0.028524450319752356
new,actual,17-30,top3_stress,586,0.0036952984508224758,0.0,0.0,0.0027145473545533605,0.01363267740001902,0.24914675767918087,0.16666392092257,0.36576619634340224,0.0034129692832764505,0.0,0.013986258924962958
new,own,all,linear,1252,0.02332800613185455,0.0002567388644399671,0.01666707000775926,0.039696659247194226,0.054328561780404246,0.6900958466453674,0.6143975525114155,0.7826541787271462,0.04552715654952077,0.016365989468440905,0.07410297682265597
new,own,all,concave,1252,0.02071820061097126,0.00018888479162014943,0.020673154380803443,0.034680198693040364,0.0444182046110504,0.6773162939297125,0.6042653667755921,0.7717589733808576,0.009584664536741214,0.0,0.02472554673049723
new,own,all,convex,1252,0.02073314875860407,9.546856448224854e-05,0.010073416687329594,0.03438532983732571,0.05679551914018593,0.6325878594249201,0.5626149799302793,0.7109649317091178,0.0670926517571885,0.029109299904906318,0.09862456410793663
new,own,all,top3_stress,1252,0.007155808482498361,0.0,0.0006028536296571474,0.012296791152330115,0.024946179226972173,0.4273162939297125,0.33706998082228895,0.5238519277081317,0.0926517571884984,0.042726287744227355,0.13292158074011362
new,own,1-3,linear,128,-0.001735698278625718,-0.0028961850772683336,-0.0007748304250818081,-0.00012516165390388575,-5.17223228034084e-07,0.0,0.0,0.0,0.25,0.05981900452488693,0.47183489827856034
new,own,1-3,concave,128,-0.0008763648177663483,-0.0014543697160288198,-0.0003859045324289954,-6.380810747902199e-05,0.0,0.0,0.0,0.0,0.0625,0.0,0.15584821428571438
new,own,1-3,convex,128,-0.0032217064612979794,-0.005254509192266603,-0.0014738905803925834,-0.00022610721293162683,-1.0040705517907837e-06,0.0,0.0,0.0,0.359375,0.15832024793388436,0.5798319327731093
new,own,1-3,top3_stress,128,-0.006143701020736008,-0.009920751630561426,-0.0028906997267040425,-0.0002815260172444312,0.0,0.0,0.0,0.0,0.515625,0.2385277413717781,0.776868686868687
new,own,4-10,linear,295,0.0036540289892281405,-1.9009058419949895e-05,0.0002722610459549569,0.005948216126745325,0.012524803626713352,0.3389830508474576,0.15692524719159295,0.5415163654245176,0.0847457627118644,0.031247577519379857,0.1346812957157785
new,own,4-10,concave,295,0.002321141468124529,-8.882155691467972e-06,0.00015753620814567556,0.00357385583707855,0.007466165661007347,0.2847457627118644,0.09889800340504566,0.5074090909090909,0.013559322033898305,0.0,0.045071331213084986
new,own,4-10,convex,295,0.00467439269782727,-5.53213015137346e-05,0.00039053615799171756,0.008448096631941845,0.01781718176675064,0.3728813559322034,0.1739061965080452,0.583976545185915,0.1288135593220339,0.054686079545454555,0.19333430656934308
new,own,4-10,top3_stress,295,0.0025078544431810846,-3.416161635897197e-05,0.00010261484933380416,0.007729419051902369,0.014020599992945804,0.3525423728813559,0.16607747773590809,0.5518528138528138,0.1694915254237288,0.07518412172162692,0.24919093851132687
new,own,11-16,linear,243,0.03446500534556904,0.01311489586907179,0.03349253012251775,0.046456849901091404,0.06512098175440593,0.9012345679012346,0.7611318289594657,0.9953271028037384,0.0,0.0,0.0
new,own,11-16,concave,243,0.02262448535078423,0.008396294256356525,0.021733608814794053,0.031324629338394305,0.043995808905229604,0.8641975308641975,0.7222161172161172,0.9718883008670195,0.0,0.0,0.0
new,own,11-16,convex,243,0.0421554058308717,0.017173894762458623,0.039711533679079876,0.054925284084835435,0.08016507243315722,0.9094650205761317,0.771426462836057,1.0,0.0,0.0,0.0
new,own,11-16,top3_stress,243,0.02266463240313909,0.011529597127810121,0.01945458311587572,0.028522361842915414,0.04558818047866228,0.8806584362139918,0.753968253968254,0.9768518518518519,0.0,0.0,0.0
new,own,17-30,linear,586,0.03408856349138296,0.016583546524254478,0.03134807040654464,0.04514504859700161,0.06253078693073896,0.9300341296928327,0.8617338359259582,0.9916110188323495,0.0,0.0,0.0
new,own,17-30,concave,586,0.033905930355414345,0.025111979216335737,0.033359984877374016,0.04090977930470963,0.052250187575736656,0.9453924914675768,0.8912379559122057,0.9943609022556391,0.0,0.0,0.0
new,own,17-30,convex,586,0.025166503771429292,0.004638711374039029,0.01611183261266212,0.03774657651685347,0.059986674508910987,0.7866894197952219,0.7154980992422144,0.8583825935216491,0.0,0.0,0.0
new,own,17-30,top3_stress,586,0.005969527672424809,0.0,0.00022750195906667158,0.007245780777302571,0.020844143335707485,0.3703071672354949,0.2659360311819328,0.49009114997350295,0.0,0.0,0.0
delta,actual,all,linear,1252,-0.001621183872231005,-0.006901631428974694,0.0,0.0010647738577318736,0.010988359684652236,0.22284345047923323,0.17089533388037523,0.29300038683839263,0.3314696485623003,0.25166552795031055,0.4023520648090593
delta,actual,all,concave,1252,-0.0008584920827453954,-0.004240006145664045,0.0,0.001273213259501318,0.008920033100022819,0.20447284345047922,0.1574800511745077,0.26803634008055627,0.2995207667731629,0.21040101834464828,0.39865246910885044
delta,actual,all,convex,1252,-0.002503964593855489,-0.010836037950245646,0.0,0.0016497732309670075,0.014124622958868191,0.23722044728434505,0.186237833374328,0.3020314612644771,0.36501597444089456,0.3190787879432021,0.40769305451829724
delta,actual,all,top3_stress,1252,-0.002003836722373063,-0.006965745477064047,0.0,0.0011790255557262447,0.012105110600125056,0.22284345047923323,0.1626970443349754,0.2943486388049288,0.29313099041533547,0.23475389741010813,0.3482830547628754
delta,actual,1-3,linear,128,-0.005724008396404854,-0.007825733984930685,-0.0025942915013274555,-0.0013019552304091306,-0.0003883339956153886,0.0234375,0.0,0.08130081300813008,0.46875,0.13460256410256416,0.7652214673913045
delta,actual,1-3,concave,128,-0.003230206390778076,-0.004579558682167657,-0.001462281845067457,-0.00043821482557839853,0.0014823509615319798,0.0625,0.0,0.21168124909363373,0.3515625,0.05468116554054057,0.6729029181766165
delta,actual,1-3,convex,128,-0.009395616761205088,-0.014597571424282443,-0.005091237632575673,-0.0030203640966468123,-0.0013720895794400072,0.0,0.0,0.0,0.796875,0.6587301587301587,0.9179116711524345
delta,actual,1-3,top3_stress,128,-0.010725654067574714,-0.0164590569131542,-0.004459317707369337,-0.0005322707271079708,-4.093664221272776e-06,0.0,0.0,0.0,0.5546875,0.2555531914893617,0.808
delta,actual,4-10,linear,295,-0.013280362488040272,-0.020532896768120555,-0.011859735289643309,-0.005493267411759631,0.0,0.023728813559322035,0.0,0.07086945442499307,0.8169491525423729,0.6750885761866974,0.9451021870286577
delta,actual,4-10,concave,295,-0.009131151844862209,-0.013364908965517105,-0.0068617933432833745,-0.00263167722278414,0.0,0.05423728813559322,0.0,0.13939610389610396,0.7423728813559322,0.5633313993174062,0.9290252525252528
delta,actual,4-10,convex,295,-0.018452016109144733,-0.027027385570330485,-0.0176264020106751,-0.010430253092339026,0.0,0.01694915254237288,0.0,0.04979269010031637,0.8576271186440678,0.7515853299181722,0.9512195121951219
delta,actual,4-10,top3_stress,295,-0.01624824540870601,-0.022431241848680658,-0.015752742481417954,-0.009037009548628704,0.0,0.01694915254237288,0.0,0.0742397184383759,0.847457627118644,0.7325986689366971,0.949581240317356
delta,actual,11-16,linear,243,-0.0009931077786864981,-0.010592127469754598,0.0,0.006938442767064958,0.018753581889324,0.37448559670781895,0.23584828961497162,0.5084775498067202,0.39094650205761317,0.2036113601768251,0.5447154471544715
delta,actual,11-16,concave,243,-0.00181175614623285,-0.007526004598472811,0.0,0.003753676570820973,0.012400088448295887,0.2962962962962963,0.17452409029649596,0.4102754677754682,0.3662551440329218,0.15163810233482367,0.5353168075796954
delta,actual,11-16,convex,243,0.001197774192339477,-0.010694121654754855,0.0,0.010831942012497993,0.022428259055229598,0.4156378600823045,0.2905970695970696,0.5429943491044061,0.35802469135802467,0.19265882758323644,0.4920653377630122
delta,actual,11-16,top3_stress,243,0.007584747339060438,0.0,0.0037813004245981574,0.013314812041353433,0.021661893599200996,0.5349794238683128,0.3934322473542229,0.6666666666666666,0.1646090534979424,0.07239664160487244,0.25403360215053766
delta,actual,17-30,linear,586,0.004883930018599493,0.0,8.081896270721632e-07,0.004188351015559729,0.01765002265802306,0.3037542662116041,0.21117943409247758,0.42227173398679246,0.032423208191126277,0.0035396360463666966,0.07028825735111248
delta,actual,17-30,concave,586,0.00421942127677695,0.0,0.0,0.002988519287479883,0.015780892307332126,0.27303754266211605,0.1966095850379895,0.3596842026491057,0.03754266211604096,0.0036428550177025386,0.07751950250220783
delta,actual,17-30,convex,586,0.005494813818065498,0.0,6.3772666380590105e-06,0.00585831198920557,0.019227525848994474,0.32593856655290104,0.2306396505060014,0.4465584788106843,0.025597269624573378,0.003321985474010302,0.056962353249819644
delta,actual,17-30,top3_stress,586,0.0030959367515615626,0.0,0.0,0.00247253094841541,0.011076217895461014,0.24573378839590443,0.1648349906828512,0.36326737277189364,0.010238907849829351,0.0,0.02671145313490399
delta,own,all,linear,1252,-0.0006860452103013262,-0.007809537625262162,0.0,0.003809710261638235,0.014005886695176136,0.28514376996805113,0.23776129699896517,0.3309316677175284,0.3738019169329074,0.32750633232016213,0.4172368060045702
delta,own,all,concave,1252,-0.00039893540049274915,-0.004475884339707149,0.0,0.002090661199435737,0.008102550769214565,0.23722044728434505,0.19936708860759494,0.27200082018927446,0.323482428115016,0.27279995216741404,0.378066556085424
delta,own,all,convex,1252,-0.0010366144918721686,-0.01197393148824357,0.0,0.00626680392284669,0.02028535539134205,0.30910543130990414,0.26430307489549565,0.3517646508525316,0.39696485623003197,0.35539980344858396,0.4338733721678425
delta,own,all,top3_stress,1252,-0.0005549067079558786,-0.00836554639550741,0.0,0.005432074792279309,0.01762711054587272,0.30910543130990414,0.2326251236531829,0.3801807234370049,0.31309904153354634,0.24827478842996084,0.36479119472077226
delta,own,1-3,linear,128,-0.0050184284332050345,-0.006835859544729006,-0.003348147152787969,-0.0020825588395285122,-0.0014903687935673496,0.0,0.0,0.0,0.546875,0.2520121951219513,0.8135837288135599
delta,own,1-3,concave,128,-0.002665705271676537,-0.0035816580403731433,-0.0017830095678252056,-0.0011287260386421759,-0.0008134089560785883,0.0,0.0,0.0,0.2890625,0.0846103522645579,0.5271360556674604
delta,own,1-3,convex,128,-0.008756033049776658,-0.011785815599584602,-0.005798344192633233,-0.0034971330459055085,-0.002505168892644444,0.0,0.0,0.0,0.84375,0.680672268907563,0.965520188623637
delta,own,1-3,top3_stress,128,-0.010545746894986746,-0.01644676470721606,-0.0041887841475545425,-0.0005077347459177872,-6.344846437968962e-06,0.0,0.0,0.0,0.5703125,0.28298867924528315,0.8148266666666669
delta,own,4-10,linear,295,-0.01254255501128314,-0.017461050437597866,-0.010970882149837314,-0.007412537542836826,-0.004552814846696389,0.0,0.0,0.0,0.9355932203389831,0.8392779503105591,0.9914288156288157
delta,own,4-10,concave,295,-0.0071958993162563045,-0.010250629448406674,-0.006066974454166343,-0.004137793365969505,-0.0024771716134248355,0.0,0.0,0.0,0.8813559322033898,0.7509023986022072,0.9785953253152657
delta,own,4-10,convex,295,-0.019227865049676943,-0.02631085995581447,-0.017715149617300245,-0.011975813262169463,-0.007599557957143199,0.0,0.0,0.0,0.9423728813559322,0.8422920203735144,0.9925925925925926
delta,own,4-10,top3_stress,295,-0.017117137255686487,-0.022370862491079606,-0.016448650015518068,-0.010199851680517895,-0.0046356395973343656,0.01694915254237288,0.0,0.06060869565217397,0.9220338983050848,0.7932280246069721,0.9908259677780265
delta,own,11-16,linear,243,0.001521976786746308,-0.010311990343760298,0.0024195620016482645,0.009483528097164174,0.01872357511847303,0.51440329218107,0.36219378827646553,0.7198275862068966,0.411522633744856,0.2277144521174807,0.537676046652363
delta,own,11-16,concave,243,0.00040005665048447887,-0.007005642311494739,0.0010441570193002868,0.005230776472288323,0.010718737218866448,0.40329218106995884,0.276594014876319,0.5333333333333333,0.3786008230452675,0.16810308606201102,0.5236053191848873
delta,own,11-16,convex,243,0.004477394624380082,-0.011453894049953239,0.005226206772834914,0.016240136179301968,0.029036038868713556,0.5637860082304527,0.42916604477611936,0.7582942338072669,0.3950617283950617,0.21800329692973422,0.5238095238095238
delta,own,11-16,top3_stress,243,0.011345567403919836,0.00014349583769217132,0.00990832875831984,0.01814918215095531,0.028308107889257375,0.6995884773662552,0.5523756613756614,0.8468932748538012,0.18106995884773663,0.06323976361333897,0.31081864473168835
delta,own,17-30,linear,586,0.005313384991983205,0.0,0.0001638463163036954,0.008221927585223558,0.017515484300548643,0.39590443686006827,0.32142745185848637,0.479718429038282,0.03754266211604096,0.0031889205020920997,0.09316850072896488
delta,own,17-30,concave,586,0.0031865523644804706,0.0,7.240156636551169e-05,0.005112525272974645,0.010074724224121912,0.3395904436860068,0.2648642425320057,0.41946426057164315,0.027303754266211604,0.0034482758620689655,0.061157699443413746
delta,own,17-30,convex,586,0.00752072386088361,0.0,0.00035797748004148263,0.010666684073508426,0.024128549275027646,0.42662116040955633,0.3507906976744186,0.508899153382408,0.025597269624573378,0.002016048063220625,0.061873073110150015
delta,own,17-30,top3_stress,586,0.005030196272137435,0.0,0.00020331421490232482,0.006595833834326185,0.01742176400264725,0.36177474402730375,0.255085669983202,0.4827592442476773,0.005119453924914676,0.0,0.018092672413793115
