rule,portfolio,band,n,reversals,dominance_negative,crossing_pos0,crossing_posdelta
new,actual,1-3,495,274,44,230,226
new,actual,11-16,978,19,10,9,7
new,actual,17-30,2277,104,38,66,52
new,actual,4-10,1146,240,40,200,193
new,own,1-3,495,287,0,287,286
new,own,11-16,978,1,1,0,0
new,own,17-30,2277,0,0,0,0
new,own,4-10,1146,218,0,218,218
old,actual,1-3,495,17,3,14,14
old,actual,11-16,978,28,7,21,20
old,actual,17-30,2277,78,36,42,24
old,actual,4-10,1146,48,4,44,44
old,own,1-3,495,0,0,0,0
old,own,11-16,978,0,0,0,0
old,own,17-30,2277,0,0,0,0
old,own,4-10,1146,0,0,0,0
new,actual,all,4896,637,132,505,478
new,own,all,4896,506,1,505,504
old,actual,all,4896,171,50,121,102
old,own,all,4896,0,0,0,0
