rule,curve,type,share,lo99,hi99,n,tp_dominated_share,n_tp_defined
old,linear,both_lose,0.46325878594249204,0.2928905080229666,0.641667033773862,290,0.3,290
old,linear,both_win,0.001597444089456869,0.0,0.009655394883203565,1,0.0,1
old,linear,normal,0.38817891373801916,0.2979304357566932,0.46153846153846156,243,0.7489711934156379,243
old,linear,opposed,0.01597444089456869,0.0015502920414232992,0.03741562892023378,10,0.9,10
old,linear,one_sided_win,0.01597444089456869,0.0,0.03832822415989484,10,0.8,10
old,linear,no_own_stake,0.11501597444089456,0.03749883177570094,0.2183736157212937,72,1.0,61
old,concave,both_lose,0.41373801916932906,0.25791362394157974,0.5880699090753133,259,0.33976833976833976,259
old,concave,both_win,0.001597444089456869,0.0,0.009655394883203565,1,0.0,1
old,concave,normal,0.41533546325878595,0.3282888142965204,0.49429926434121346,260,0.7142857142857143,259
old,concave,opposed,0.01757188498402556,0.004665413189913766,0.034586513453444934,11,0.8181818181818182,11
old,concave,one_sided_win,0.01437699680511182,0.0,0.03645032008824706,9,0.7777777777777778,9
old,concave,no_own_stake,0.13738019169329074,0.04932442247083204,0.24590243002477466,86,1.0,71
old,convex,both_lose,0.45686900958466453,0.3210655118390205,0.5844973166368514,286,0.21328671328671328,286
old,convex,both_win,0.0,0.0,0.0,0,nan,0
old,convex,normal,0.41533546325878595,0.34615384615384615,0.47686944154984506,260,0.640926640926641,259
old,convex,opposed,0.009584664536741214,0.0,0.024133729047726978,6,0.8333333333333334,6
old,convex,one_sided_win,0.012779552715654952,0.0,0.035330656274541766,8,0.625,8
old,convex,no_own_stake,0.10543130990415335,0.04347760999739651,0.18750833333333353,66,1.0,49
old,top3_stress,both_lose,0.1805111821086262,0.12693474782476968,0.2540161192214112,113,0.008849557522123894,113
old,top3_stress,both_win,0.0,0.0,0.0,0,nan,0
old,top3_stress,normal,0.4520766773162939,0.3903889255108767,0.5312011183101093,283,0.13214285714285715,280
old,top3_stress,opposed,0.0,0.0,0.0,0,nan,0
old,top3_stress,one_sided_win,0.004792332268370607,0.0,0.017804418851768738,3,0.3333333333333333,3
old,top3_stress,no_own_stake,0.36261980830670926,0.28478753453624955,0.4328615143486212,227,0.9743589743589743,39
new,linear,both_lose,0.2779552715654952,0.16181017475728154,0.38607358423476124,174,0.26436781609195403,174
new,linear,both_win,0.004792332268370607,0.0,0.018182724252491712,3,0.3333333333333333,3
new,linear,normal,0.3977635782747604,0.3344208279485604,0.4702518860631265,249,0.6129032258064516,248
new,linear,opposed,0.07348242811501597,0.02389656200317965,0.13051416419837478,46,0.41304347826086957,46
new,linear,one_sided_win,0.04153354632587859,0.006450088900177807,0.09582014741758044,26,0.7692307692307693,26
new,linear,no_own_stake,0.20447284345047922,0.09860884728340676,0.32220422742222643,128,1.0,80
new,concave,both_lose,0.29073482428115016,0.1732907018841789,0.3925553675502914,182,0.31868131868131866,182
new,concave,both_win,0.001597444089456869,0.0,0.009655394883203565,1,0.0,1
new,concave,normal,0.4185303514376997,0.34961496037108736,0.4879735466212119,262,0.6450381679389313,262
new,concave,opposed,0.04313099041533546,0.009692741136163207,0.08477218617550106,27,0.5925925925925926,27
new,concave,one_sided_win,0.03194888178913738,0.0035966750578223057,0.0744863637438797,20,0.7,20
new,concave,no_own_stake,0.21405750798722045,0.11219292189811479,0.33887517019770175,134,1.0,86
new,convex,both_lose,0.24121405750798722,0.14086597132465659,0.3528559124967703,151,0.2251655629139073,151
new,convex,both_win,0.004792332268370607,0.0,0.01807308441687544,3,0.0,3
new,convex,normal,0.3929712460063898,0.32169834621418525,0.47340705487122064,246,0.5245901639344263,244
new,convex,opposed,0.07827476038338659,0.022181435440073755,0.1415806010928962,49,0.30612244897959184,49
new,convex,one_sided_win,0.052715654952076675,0.013846100612190578,0.10192460739952093,33,0.5454545454545454,33
new,convex,no_own_stake,0.23003194888178913,0.13398965017183498,0.3422548169863829,144,1.0,73
new,top3_stress,both_lose,0.12779552715654952,0.07082528068696194,0.1897187905132312,80,0.0375,80
new,top3_stress,both_win,0.006389776357827476,0.0,0.021614000680901673,4,0.0,4
new,top3_stress,normal,0.3402555910543131,0.26242028648309634,0.4415814655092635,213,0.2403846153846154,208
new,top3_stress,opposed,0.05591054313099041,0.020407785336356767,0.09210545866896067,35,0.02857142857142857,35
new,top3_stress,one_sided_win,0.11022364217252396,0.04485002202931686,0.17014547164423088,69,0.3076923076923077,65
new,top3_stress,no_own_stake,0.35942492012779553,0.2735700473381804,0.4541228219482794,225,1.0,62
