band,rule,portfolio,j,mean,lo99,hi99,n
1-3,new,actual,1,-0.001690608104188218,-0.002872456341387457,-0.0005498154058307945,495
1-3,new,actual,2,-0.003741403661420661,-0.00572068522884861,-0.00165833064645013,495
1-3,new,actual,3,-0.0055950507657589865,-0.008320024576100716,-0.0025869871173682785,495
1-3,new,actual,4,-0.0071326208370086535,-0.010422133687203438,-0.003371189259377309,495
1-3,new,actual,5,-0.008375046243083524,-0.012006822080944593,-0.004053453916855387,495
1-3,new,actual,6,-0.009356676280314257,-0.013274750706829395,-0.0047131016240953335,495
1-3,new,actual,7,-0.010152015390365527,-0.014282342718493646,-0.005191938124683825,495
1-3,new,actual,8,-0.010692498853194274,-0.014973212436452521,-0.005495165267641868,495
1-3,new,actual,9,-0.010971806464316086,-0.015347426494537771,-0.005695629762165467,495
1-3,new,actual,10,-0.00958998359111691,-0.013594934679378461,-0.004765603070701941,495
1-3,new,actual,11,-0.0032219936425709863,-0.006178453988486895,-0.0005339617162810749,495
1-3,new,actual,12,0.011215553083199492,0.0027802711235179463,0.017868148096992265,495
1-3,new,actual,13,0.006752605987587464,0.00028361909301377635,0.01148039744945135,495
1-3,new,actual,14,0.002827066108417976,-0.0024985528669105106,0.006067861641962055,495
1-3,new,actual,15,0.0002550499902829532,-0.004764137760869857,0.0034463876823327927,495
1-3,new,actual,16,-0.001216697379453767,-0.0069684297404177045,0.0026295561306214515,495
1-3,new,actual,17,-0.0008934334893826159,-0.006764225480660879,0.0028120379177136163,495
1-3,new,actual,18,-0.0005125622787778603,-0.006591517872375082,0.0030957540667276196,495
1-3,new,actual,19,-0.0009392826028314023,-0.008813265280912962,0.0032525135636746914,495
1-3,new,actual,20,-0.0016857630348717332,-0.011964443545647234,0.0029153475928279087,495
1-3,new,actual,21,-0.0011642983889256636,-0.008109786825132416,0.002630033574398637,495
1-3,new,actual,22,-0.0003503463758468502,-0.003670952196243112,0.0024515527982747927,495
1-3,new,actual,23,-1.4898145461756713e-05,-0.0019482471550870796,0.002414449785059265,495
1-3,new,actual,24,-0.00037916582332185583,-0.004058447876165917,0.0024562588703132323,495
1-3,new,actual,25,0.00025042697774020514,-0.002392585155417897,0.003969820726577631,495
1-3,new,actual,26,0.00012323316504186287,-0.0015647257078223716,0.0025913306518751305,495
1-3,new,actual,27,0.00014872243213067426,-0.0014817805032438197,0.0025853771168938893,495
1-3,new,actual,28,0.00013273442607170683,-0.0015453104904487394,0.0027154943831927516,495
1-3,new,actual,29,4.790172397271857e-05,-0.0016890652539788323,0.00269106213405294,495
1-3,new,actual,30,6.351094122533855e-05,-0.0016869878639190238,0.002706062012963321,495
1-3,new,own,1,-0.001679919311067179,-0.0029063815879987933,-0.000558235758061168,495
1-3,new,own,2,-0.0036881774704034627,-0.005735123473800669,-0.0015908252112528994,495
1-3,new,own,3,-0.005502018555685337,-0.008329481418792691,-0.0024582260446887666,495
1-3,new,own,4,-0.007103402722655466,-0.010630947403500493,-0.0032115258449828543,495
1-3,new,own,5,-0.008471108105421435,-0.012599477095072857,-0.003817051972641155,495
1-3,new,own,6,-0.009564578799977668,-0.014126113161974,-0.004414058979622402,495
1-3,new,own,7,-0.01041409830748157,-0.015341203507709428,-0.004889658122502769,495
1-3,new,own,8,-0.010990624664174761,-0.01615208610961655,-0.00520616974977712,495
1-3,new,own,9,-0.011258558900217075,-0.016526205600524774,-0.005379957447630547,495
1-3,new,own,10,-0.00963665665070168,-0.014267809840549813,-0.004485162481022813,495
1-3,new,own,11,-0.0019292878682620356,-0.003244305453647975,-0.00043330257584557364,495
1-3,new,own,12,0.015477427952411122,0.007892991235194187,0.02229464543367875,495
1-3,new,own,13,0.010183426510981333,0.005204358404495207,0.014661416256885112,495
1-3,new,own,14,0.005547117172954378,0.0028424296365272155,0.007988105295881847,495
1-3,new,own,15,0.0019499678553094005,0.0010023075117262833,0.002810714673946693,495
1-3,new,own,16,-8.675723238745076e-12,-3.0496459474371876e-11,1.2478262480159375e-11,495
1-3,new,own,17,-8.675723238745076e-12,-3.0496459474371876e-11,1.2478262480159375e-11,495
1-3,new,own,18,-8.675723238745076e-12,-3.0496459474371876e-11,1.2478262480159375e-11,495
1-3,new,own,19,-8.675723238745076e-12,-3.0496459474371876e-11,1.2478262480159375e-11,495
1-3,new,own,20,-8.675723238745076e-12,-3.0496459474371876e-11,1.2478262480159375e-11,495
1-3,new,own,21,-8.675723238745076e-12,-3.0496459474371876e-11,1.2478262480159375e-11,495
1-3,new,own,22,-8.675723238745076e-12,-3.0496459474371876e-11,1.2478262480159375e-11,495
1-3,new,own,23,-8.675723238745076e-12,-3.0496459474371876e-11,1.2478262480159375e-11,495
1-3,new,own,24,-8.675723238745076e-12,-3.0496459474371876e-11,1.2478262480159375e-11,495
1-3,new,own,25,-8.675723238745076e-12,-3.0496459474371876e-11,1.2478262480159375e-11,495
1-3,new,own,26,-8.675723238745076e-12,-3.0496459474371876e-11,1.2478262480159375e-11,495
1-3,new,own,27,-8.675723238745076e-12,-3.0496459474371876e-11,1.2478262480159375e-11,495
1-3,new,own,28,-8.675723238745076e-12,-3.0496459474371876e-11,1.2478262480159375e-11,495
1-3,new,own,29,-8.675723238745076e-12,-3.0496459474371876e-11,1.2478262480159375e-11,495
1-3,new,own,30,-8.675723238745076e-12,-3.0496459474371876e-11,1.2478262480159375e-11,495
1-3,old,actual,1,0.0018497410985886147,0.0006860519770448171,0.003218750521731382,495
1-3,old,actual,2,0.0033376956601386264,0.001232686281624442,0.005805705092287243,495
1-3,old,actual,3,0.004521044849938136,0.0016599397612225653,0.007949069209906505,495
1-3,old,actual,4,0.005170414094475924,0.0018642064089055281,0.00907524014082938,495
1-3,old,actual,5,0.04367283990690471,0.033786827438847145,0.05521954667374296,495
1-3,old,actual,6,0.02133784538014541,0.01392437214735546,0.03032254576305904,495
1-3,old,actual,7,0.00513803513308669,0.001282506752255229,0.010361880983255271,495
1-3,old,actual,8,0.0012965828726854756,-1.3037889636065835e-05,0.003236864280786783,495
1-3,old,actual,9,0.000821589819349529,-0.00017368993592503976,0.002241662952018348,495
1-3,old,actual,10,0.0007531950817352081,-0.00024068214971658707,0.0021479215051948006,495
1-3,old,actual,11,0.0007345965150153723,-0.0002849080827148609,0.0021342156276896755,495
1-3,old,actual,12,0.0006479953923097842,-0.000595643709244305,0.0021081158129632846,495
1-3,old,actual,13,0.0003041402229459529,-0.0024337709046623273,0.002092905339172063,495
1-3,old,actual,14,6.704785491042325e-05,-0.0025146346746501174,0.002074695053605257,495
1-3,old,actual,15,0.00014376818307354348,-0.0023999242859905788,0.002112341269202089,495
1-3,old,actual,16,0.00040811477482082475,-0.0019429657061527015,0.0022895663863511397,495
1-3,old,actual,17,0.0005685945724720726,-0.0019917043756687786,0.002450634332052643,495
1-3,old,actual,18,0.0005673319443138756,-0.0030743552637651724,0.003372435542227589,495
1-3,old,actual,19,-0.00020212828442592036,-0.006459898964124594,0.003339278762893635,495
1-3,old,actual,20,-0.0009559319426603922,-0.009958874853556536,0.003118223295972938,495
1-3,old,actual,21,-0.0004960045421545075,-0.006791395530553446,0.0027074630981620616,495
1-3,old,actual,22,0.00029299482537079497,-0.00258127837153091,0.002171657207206333,495
1-3,old,actual,23,0.0006048792955689386,-0.0011344787506820024,0.002197467893937728,495
1-3,old,actual,24,0.00023194684459257436,-0.002392157375257912,0.0023955614003609523,495
1-3,old,actual,25,0.0008613660344774385,-0.0008522857922664519,0.002751418034947821,495
1-3,old,actual,26,0.0007339512621786683,-0.0007092053559561972,0.002305146207668538,495
1-3,old,actual,27,0.0007582410343036385,-0.00042444920270346835,0.0023146336366551366,495
1-3,old,actual,28,0.0007406116140599833,-0.00026415038413725157,0.0021694641587308317,495
1-3,old,actual,29,0.000653585098739372,-0.00026375953286500025,0.0019531478240726514,495
1-3,old,actual,30,0.000652338255287625,-0.00026270700692512984,0.0019490239052081932,495
1-3,old,own,1,0.001890485291144715,0.0006946465903381055,0.0032923141085240055,495
1-3,old,own,2,0.00343010750258027,0.0012473845620588702,0.005999396452320618,495
1-3,old,own,3,0.004589675887048503,0.001649194425469862,0.008061301423001169,495
1-3,old,own,4,0.005338749944189677,0.0018916991471671387,0.009422244053364814,495
1-3,old,own,5,0.05144383055380124,0.0407512231412172,0.06366897940152005,495
1-3,old,own,6,0.02474077541166909,0.013974986024615884,0.03793575332463103,495
1-3,old,own,7,0.0055157808487967365,0.001282711620248231,0.011381717587415869,495
1-3,old,own,8,0.0006638411352259872,4.7263921902857254e-05,0.0016181688826566168,495
1-3,old,own,9,4.941733664521897e-05,5.842124153123775e-07,0.0001302538856944879,495
1-3,old,own,10,4.544170736724055e-06,1.0114774972596695e-08,1.556082341451626e-05,495
1-3,old,own,11,1.163653042219865e-06,1.0243291883387741e-10,4.622274504589041e-06,495
1-3,old,own,12,8.931462576702632e-07,-1.1707768192755249e-11,3.6651438365313324e-06,495
1-3,old,own,13,8.839206990886466e-07,-1.796565656551562e-11,3.636879377227851e-06,495
1-3,old,own,14,8.838495064227836e-07,-1.866738076815923e-11,3.6366656789951244e-06,495
1-3,old,own,15,1.1109414181139644e-11,-1.9471198653691042e-11,4.431998313520096e-11,495
1-3,old,own,16,1.1109414181139644e-11,-1.9471198653691042e-11,4.431998313520096e-11,495
1-3,old,own,17,1.1109414181139644e-11,-1.9471198653691042e-11,4.431998313520096e-11,495
1-3,old,own,18,1.1109414181139644e-11,-1.9471198653691042e-11,4.431998313520096e-11,495
1-3,old,own,19,1.1109414181139644e-11,-1.9471198653691042e-11,4.431998313520096e-11,495
1-3,old,own,20,1.1109414181139644e-11,-1.9471198653691042e-11,4.431998313520096e-11,495
1-3,old,own,21,1.1109414181139644e-11,-1.9471198653691042e-11,4.431998313520096e-11,495
1-3,old,own,22,1.1109414181139644e-11,-1.9471198653691042e-11,4.431998313520096e-11,495
1-3,old,own,23,1.1109414181139644e-11,-1.9471198653691042e-11,4.431998313520096e-11,495
1-3,old,own,24,1.1109414181139644e-11,-1.9471198653691042e-11,4.431998313520096e-11,495
1-3,old,own,25,1.1109414181139644e-11,-1.9471198653691042e-11,4.431998313520096e-11,495
1-3,old,own,26,1.1109414181139644e-11,-1.9471198653691042e-11,4.431998313520096e-11,495
1-3,old,own,27,1.1109414181139644e-11,-1.9471198653691042e-11,4.431998313520096e-11,495
1-3,old,own,28,1.1109414181139644e-11,-1.9471198653691042e-11,4.431998313520096e-11,495
1-3,old,own,29,1.1109414181139644e-11,-1.9471198653691042e-11,4.431998313520096e-11,495
1-3,old,own,30,1.1109414181139644e-11,-1.9471198653691042e-11,4.431998313520096e-11,495
11-16,new,actual,1,0.0055240219659084535,0.0035199974946432577,0.008251029191586313,978
11-16,new,actual,2,0.010734150682957962,0.006818850568647252,0.016188000377187286,978
11-16,new,actual,3,0.01589328935319414,0.010112611304227925,0.02394294566655234,978
11-16,new,actual,4,0.020931821036848732,0.013288959401328746,0.031569966200184936,978
11-16,new,actual,5,0.025510513990616747,0.016020772880530814,0.038543635325540594,978
11-16,new,actual,6,0.029361467490396646,0.018296730027542608,0.043907916039979455,978
11-16,new,actual,7,0.033136835544899046,0.020666614475453694,0.04931062537275674,978
11-16,new,actual,8,0.036830215910420246,0.022979527847175996,0.054216551059983326,978
11-16,new,actual,9,0.04041421798223512,0.025237944639244454,0.05906540809208741,978
11-16,new,actual,10,0.04365007784680633,0.027332186026354233,0.06350655546995145,978
11-16,new,actual,11,0.045891768857927166,0.02881611210218312,0.06611007441843011,978
11-16,new,actual,12,0.04681360342573772,0.029447194813831054,0.06715963581507044,978
11-16,new,actual,13,0.050539224239434556,0.03193705546558983,0.07194036013776693,978
11-16,new,actual,14,0.05364597210988076,0.034415774275821466,0.075796433596683,978
11-16,new,actual,15,0.055056917416111975,0.036058255865920714,0.07686683079099912,978
11-16,new,actual,16,0.05265499807792122,0.03525213789834148,0.07138222244740328,978
11-16,new,actual,17,0.045183332368634935,0.02403011032389374,0.06335353803047547,978
11-16,new,actual,18,0.03274552881079801,0.014699517905387602,0.04678743767636072,978
11-16,new,actual,19,0.02325377267314613,0.010823266190925496,0.03232104495773078,978
11-16,new,actual,20,0.016476692527977146,0.00771725006123893,0.02305459303408901,978
11-16,new,actual,21,0.012839901876512388,0.0051427129869218305,0.0194140525545986,978
11-16,new,actual,22,0.01075350105201853,0.0035562415401653425,0.01772272692487762,978
11-16,new,actual,23,0.009853314120973922,0.002705831367740519,0.017261730245963895,978
11-16,new,actual,24,0.00956346078095982,0.002473801977252337,0.01714119583768636,978
11-16,new,actual,25,0.009587880832331185,0.0024901516344139375,0.01706017970261099,978
11-16,new,actual,26,0.009480175373525223,0.0025251294642930147,0.016610930043238777,978
11-16,new,actual,27,0.00933485328650935,0.0024787261899201635,0.016249374560874313,978
11-16,new,actual,28,0.009377087118621045,0.0024542170839889268,0.016351472020377945,978
11-16,new,actual,29,0.009183891503213044,0.0024806730516492887,0.016025301440944908,978
11-16,new,actual,30,0.009245992091283777,0.002470386214667351,0.016238308338486045,978
11-16,new,own,1,0.00746931826841659,0.004935630788309419,0.011304872256259627,978
11-16,new,own,2,0.014704234881505065,0.010057630761714101,0.02231182527135623,978
11-16,new,own,3,0.021878577591115063,0.015129147373967314,0.03320257246696509,978
11-16,new,own,4,0.028980931789310802,0.020183762280016435,0.043895279585005026,978
11-16,new,own,5,0.035996454826313314,0.02517164055757711,0.05429967098730394,978
11-16,new,own,6,0.041966966744812956,0.029622811829527786,0.06194725725347008,978
11-16,new,own,7,0.04785490490588677,0.033998248554812364,0.06940548224754334,978
11-16,new,own,8,0.053640740285773036,0.0383267143180816,0.07671390261491261,978
11-16,new,own,9,0.05929737348249183,0.04256302253154936,0.08413436337677549,978
11-16,new,own,10,0.06441326732633071,0.04645414206415718,0.09027632415927682,978
11-16,new,own,11,0.06806200296583566,0.04923773364172968,0.09434700877592908,978
11-16,new,own,12,0.06957094095415486,0.050407275255286974,0.09596219461809591,978
11-16,new,own,13,0.07589141980006085,0.055062684917553985,0.10384496817394243,978
11-16,new,own,14,0.0813185576650719,0.059088543533358844,0.11016702592129642,978
11-16,new,own,15,0.08435712253436653,0.06101231035251368,0.11338203115356978,978
11-16,new,own,16,0.080628355061446,0.057266468025451156,0.10764329115127207,978
11-16,new,own,17,0.06689404397066225,0.03601397371514195,0.09554248953518645,978
11-16,new,own,18,0.04408231083890398,0.017965840608676977,0.06808676669433741,978
11-16,new,own,19,0.025882061601544642,0.009385551449134666,0.042348001212267894,978
11-16,new,own,20,0.013210889554751687,0.0038037507108103627,0.02405938151223707,978
11-16,new,own,21,0.006232266072492028,0.0016342118000419196,0.013319653858031398,978
11-16,new,own,22,0.0026355763841483444,0.0006185097826727305,0.0065077308609352924,978
11-16,new,own,23,0.0009158677824903564,0.00017254891178538956,0.0025118863997629776,978
11-16,new,own,24,0.00025329108875978267,4.0034503466246134e-05,0.000739271671555558,978
11-16,new,own,25,5.71637854761135e-05,8.211860699407003e-06,0.00018242483639750227,978
11-16,new,own,26,1.0288784656206856e-05,1.0149439122434661e-06,3.7960587219434756e-05,978
11-16,new,own,27,1.7573427993836454e-06,-8.42915335085497e-11,7.82073920823154e-06,978
11-16,new,own,28,1.5969451381814032e-07,-1.0509952077460879e-10,7.910529286891936e-07,978
11-16,new,own,29,-7.031473841032738e-11,-1.1669923290924044e-10,-2.2548175862185948e-11,978
11-16,new,own,30,-7.031473841032738e-11,-1.1669923290924044e-10,-2.2548175862185948e-11,978
11-16,old,actual,1,0.002780579498582671,0.0015507403705502126,0.004672459566062755,978
11-16,old,actual,2,0.00575916944210779,0.0032338986533329227,0.00962562610733336,978
11-16,old,actual,3,0.00897796483218617,0.005062378601050743,0.014924994611021345,978
11-16,old,actual,4,0.012475626673899816,0.007053026449412263,0.020613557050064,978
11-16,old,actual,5,0.012416185662712378,0.006868202296083365,0.02071663011049754,978
11-16,old,actual,6,0.012761177867625621,0.00712024339344108,0.02156517281832898,978
11-16,old,actual,7,0.014210434138164682,0.007420051526619158,0.025666968847978085,978
11-16,old,actual,8,0.018324872712415983,0.008522719363681031,0.035046061677181224,978
11-16,old,actual,9,0.02767124123845671,0.011299008867319134,0.05202361469191882,978
11-16,old,actual,10,0.04439584263337717,0.019761924511135117,0.07685517283556363,978
11-16,old,actual,11,0.06547012270749335,0.03393466144489942,0.10275365809256605,978
11-16,old,actual,12,0.07729384637619692,0.03945602927684789,0.11580372343930889,978
11-16,old,actual,13,0.07419032753714846,0.045173360863941026,0.10460428936761766,978
11-16,old,actual,14,0.058096625498302724,0.035835578558691544,0.08284714774175866,978
11-16,old,actual,15,0.0690861529003804,0.04889631164557869,0.0933820297124573,978
11-16,old,actual,16,0.06063560810275841,0.038935210456820656,0.0820294565190289,978
11-16,old,actual,17,0.04585972620062874,0.02353619428817054,0.06410865094138864,978
11-16,old,actual,18,0.03394754892736563,0.016360181626357002,0.04684807251120103,978
11-16,old,actual,19,0.02490529112834466,0.012089731897006833,0.033949998941387796,978
11-16,old,actual,20,0.01850328287680621,0.008449688630068224,0.028076673275718597,978
11-16,old,actual,21,0.015094380774033543,0.005693596215390483,0.02602188474999287,978
11-16,old,actual,22,0.013001581368100036,0.0038522162557687793,0.02493070032761743,978
11-16,old,actual,23,0.012098750328747621,0.0029969085568876505,0.024661968761351006,978
11-16,old,actual,24,0.011805677727879126,0.0027988225635408,0.024322519221447368,978
11-16,old,actual,25,0.011829706355263403,0.0028502984618972997,0.02416491091007792,978
11-16,old,actual,26,0.011722008884664348,0.0028931286518803644,0.023556034007381873,978
11-16,old,actual,27,0.011577605445424577,0.0029095286062101795,0.023155243885685874,978
11-16,old,actual,28,0.01162522335214972,0.0027914940402979076,0.0231976306817628,978
11-16,old,actual,29,0.011442500321163129,0.0028185713694790894,0.02265938927127163,978
11-16,old,actual,30,0.011520585380138707,0.0028134567601981416,0.023098106322489962,978
11-16,old,own,1,0.0035406915901513313,0.0021421404968520103,0.005692486218190794,978
11-16,old,own,2,0.007339974053077751,0.0044704334380737416,0.011748556987375201,978
11-16,old,own,3,0.011449323223837326,0.007021068211923963,0.01824557967842108,978
11-16,old,own,4,0.015937763749360775,0.009845054658250413,0.025284641596873856,978
11-16,old,own,5,0.01595502970836708,0.009845508332919892,0.025331533789462842,978
11-16,old,own,6,0.016271105928478687,0.009867801345163994,0.026258505413756576,978
11-16,old,own,7,0.01804668664088298,0.010219481466027738,0.03091930793950433,978
11-16,old,own,8,0.02364312514808112,0.0118574288691135,0.04182141559324103,978
11-16,old,own,9,0.03664050590433474,0.016524492391133135,0.06337372923628556,978
11-16,old,own,10,0.05946870375056741,0.029234442892766617,0.09660547789376026,978
11-16,old,own,11,0.08743143409083476,0.05325786738699577,0.130046334800679,978
11-16,old,own,12,0.10497308402143911,0.06655469316230771,0.14522630496650274,978
11-16,old,own,13,0.1081061192967355,0.0841864933803192,0.14237423098775273,978
11-16,old,own,14,0.08437605446496162,0.06048589388112526,0.11714226818790131,978
11-16,old,own,15,0.1039773133945014,0.08132716714956484,0.13568601169642125,978
11-16,old,own,16,0.09231543967823373,0.06178638814590475,0.12199316579157926,978
11-16,old,own,17,0.06576866054474136,0.0321555889069551,0.09583592160404399,978
11-16,old,own,18,0.042830361726551754,0.017574074606623483,0.06617246326922772,978
11-16,old,own,19,0.025005432023054306,0.009261126543351629,0.04105923414801524,978
11-16,old,own,20,0.012987730073788097,0.0038395920675338923,0.023865717831612544,978
11-16,old,own,21,0.006261151582376232,0.001633650456539848,0.013382727640834187,978
11-16,old,own,22,0.0026438202782973217,0.0006201658008410363,0.006532579515769897,978
11-16,old,own,23,0.0009175293653242713,0.00017236402103110057,0.002518106512349976,978
11-16,old,own,24,0.000253578694046685,4.003444399235864e-05,0.0007402392114337727,978
11-16,old,own,25,5.7163814064471955e-05,8.211915987401451e-06,0.00018242487049249722,978
11-16,old,own,26,1.0288813244565257e-05,1.0150289210076258e-06,3.796060218444114e-05,978
11-16,old,own,27,1.7573713877420506e-06,-7.819810188523431e-11,7.820737534394283e-06,978
11-16,old,own,28,1.5972310217654632e-07,-1.0010147563318972e-10,7.910891812516238e-07,978
11-16,old,own,29,-4.172638000446619e-11,-1.1424803022004755e-10,3.0776752819955663e-11,978
11-16,old,own,30,-4.172638000446619e-11,-1.1424803022004755e-10,3.0776752819955663e-11,978
17-30,new,actual,1,0.0011929342114374978,0.0006951112057800213,0.0017210790732063415,2277
17-30,new,actual,2,0.0023587803648980597,0.0013740037767267113,0.003401133443204227,2277
17-30,new,actual,3,0.003570207991292449,0.0020699068995291385,0.005166416191472878,2277
17-30,new,actual,4,0.004812900619494604,0.002791754818680926,0.006983382021231794,2277
17-30,new,actual,5,0.006044810702335745,0.0034583730977933553,0.008905867295448379,2277
17-30,new,actual,6,0.007238739450155167,0.004377922616773306,0.010545988974176962,2277
17-30,new,actual,7,0.008438483998624671,0.005284941654195295,0.012135459841310871,2277
17-30,new,actual,8,0.009737268848187356,0.006189014031064254,0.013893106029967479,2277
17-30,new,actual,9,0.011121793797675333,0.007161099260112283,0.015852048924022158,2277
17-30,new,actual,10,0.012524602210467837,0.008055527281050587,0.017911433464437913,2277
17-30,new,actual,11,0.013608043941344742,0.008610331358482893,0.019570811955414057,2277
17-30,new,actual,12,0.014288031097175743,0.008844721556377028,0.020952385120313097,2277
17-30,new,actual,13,0.016260869215498627,0.010032032726438413,0.02382526136908036,2277
17-30,new,actual,14,0.018522448362793487,0.011311302101740972,0.027317447994472378,2277
17-30,new,actual,15,0.02055796039300643,0.012243860563260298,0.030559364594529615,2277
17-30,new,actual,16,0.023475224208418598,0.013449029000613514,0.035300805162185964,2277
17-30,new,actual,17,0.029611193276916508,0.01594376981071152,0.044688756829560174,2277
17-30,new,actual,18,0.0375392270133952,0.020375376418668597,0.05472332409512337,2277
17-30,new,actual,19,0.04187796768322464,0.023506694736451603,0.061065030461048594,2277
17-30,new,actual,20,0.042281839969159955,0.02413285875707318,0.06413033448984053,2277
17-30,new,actual,21,0.040615646794375904,0.025047467870235058,0.06346754472967417,2277
17-30,new,actual,22,0.03839239868988319,0.02374643824558252,0.058859175947435595,2277
17-30,new,actual,23,0.03755383300449432,0.022172801120126397,0.05460329919864183,2277
17-30,new,actual,24,0.03906255129818128,0.02276264282777439,0.05558617452940843,2277
17-30,new,actual,25,0.03970548881948799,0.01944481929643922,0.05913548355278131,2277
17-30,new,actual,26,0.03309615841944772,0.012752882639922854,0.05583913590948694,2277
17-30,new,actual,27,0.02818030490568299,0.007822923330222388,0.04932074312124578,2277
17-30,new,actual,28,0.02134347876433126,0.005942668602030268,0.03738072151054635,2277
17-30,new,actual,29,0.011086530881470663,0.004986296631139885,0.020467392441109844,2277
17-30,new,actual,30,0.006638912713592284,0.0029641073523483112,0.010562315566518153,2277
17-30,new,own,1,0.0019396764379933078,0.001052430662765479,0.0028615509883768092,2277
17-30,new,own,2,0.003824026281639299,0.002078377373957124,0.005665165977421519,2277
17-30,new,own,3,0.005757260287678319,0.003146062355150073,0.008530024119437065,2277
17-30,new,own,4,0.007745624087429626,0.004246776994011372,0.01147274521802363,2277
17-30,new,own,5,0.009796862411720909,0.005390514929796576,0.014498638587026618,2277
17-30,new,own,6,0.011693664852289202,0.00686518355477281,0.01689570847128116,2277
17-30,new,own,7,0.013656048851324916,0.00841221206817847,0.01940791079815921,2277
17-30,new,own,8,0.015694771229757883,0.010030921200229576,0.021975197897156382,2277
17-30,new,own,9,0.017823982780529907,0.011713389739194691,0.024632658160854085,2277
17-30,new,own,10,0.019883754301361245,0.013392218855635959,0.027052264707619404,2277
17-30,new,own,11,0.021443401957672446,0.01471981048750348,0.028802853257245596,2277
17-30,new,own,12,0.022123363439325257,0.015328871618357894,0.02950238210755483,2277
17-30,new,own,13,0.02541468616960378,0.017992410043229507,0.033590706347306216,2277
17-30,new,own,14,0.029205501741726838,0.02115163183984793,0.03816220094811923,2277
17-30,new,own,15,0.03391925712772027,0.025059994337327172,0.04371607243804989,2277
17-30,new,own,16,0.04049843544278142,0.030615574611877902,0.05109657161650721,2277
17-30,new,own,17,0.05182471454028544,0.04011974416176542,0.06525507027595182,2277
17-30,new,own,18,0.06681063351387599,0.05642540002773287,0.07868823908013907,2277
17-30,new,own,19,0.07371950484291334,0.05943815251940841,0.08660275402096215,2277
17-30,new,own,20,0.07465346400335142,0.05198969385383699,0.09339408708840564,2277
17-30,new,own,21,0.07442952627612807,0.05568671302646957,0.093654088510734,2277
17-30,new,own,22,0.07026929625942493,0.04771391494004886,0.08939356815271247,2277
17-30,new,own,23,0.06564745281701868,0.039678769181042794,0.08827111768532693,2277
17-30,new,own,24,0.0633549215206693,0.04694234365345111,0.08307696526602999,2277
17-30,new,own,25,0.05767410519846627,0.045055143449845125,0.07540159007465563,2277
17-30,new,own,26,0.04223856775125025,0.028467431044468104,0.06116364830304066,2277
17-30,new,own,27,0.03233266084556344,0.011239464491637657,0.050523063154493626,2277
17-30,new,own,28,0.024352204102287552,0.009943311863024733,0.03742903613274584,2277
17-30,new,own,29,0.011903024801501733,0.002687202960999505,0.02022221347838998,2277
17-30,new,own,30,-2.2690462623054164e-11,-6.745538245117192e-11,2.4214856620123345e-11,2277
17-30,old,actual,1,0.00017836366417678094,7.949661633988353e-05,0.00029406670890529677,2277
17-30,old,actual,2,0.0003759159657938385,0.00016945608334629432,0.000617810739213531,2277
17-30,old,actual,3,0.0005977311408892174,0.00027270076373919343,0.0009801244373136063,2277
17-30,old,actual,4,0.0008431707491782595,0.000383400375417733,0.0013862114165566332,2277
17-30,old,actual,5,0.0008513255141087349,0.00038341288931478476,0.001398734295701645,2277
17-30,old,actual,6,0.0008566349246888149,0.000385742743683933,0.001409286544334873,2277
17-30,old,actual,7,0.0008733395409498057,0.0003772036730896379,0.0014389000671694893,2277
17-30,old,actual,8,0.0009514913393734187,0.0004025679519306822,0.0016570549157643752,2277
17-30,old,actual,9,0.0011395974450559212,0.00031288988886364914,0.002255317986119524,2277
17-30,old,actual,10,0.001530459768872693,0.00013315928615680164,0.0033937631545633788,2277
17-30,old,actual,11,0.0021436551559791232,0.00012080200158383315,0.00480198239437762,2277
17-30,old,actual,12,0.0040008633261958085,0.0007825033835929558,0.007426347879755306,2277
17-30,old,actual,13,0.0081869538936308,0.0029257729816358925,0.013673348517017325,2277
17-30,old,actual,14,0.013568762253156353,0.0069662283104816505,0.02057444427428021,2277
17-30,old,actual,15,0.016210269037706244,0.007759515611581026,0.025328279549628158,2277
17-30,old,actual,16,0.02150896935768789,0.009532528946448442,0.034319548710992666,2277
17-30,old,actual,17,0.02835751596723837,0.013263789352529434,0.0442243683031615,2277
17-30,old,actual,18,0.03630800935525143,0.017577321690572596,0.05374774386770765,2277
17-30,old,actual,19,0.03993418963600056,0.02054587359835746,0.05912844366090596,2277
17-30,old,actual,20,0.03987021085825951,0.02104597788787808,0.061540044146342156,2277
17-30,old,actual,21,0.0381166425743196,0.02178094141841769,0.060276461868960525,2277
17-30,old,actual,22,0.03579029486213568,0.020609152410326723,0.05581865231277251,2277
17-30,old,actual,23,0.03493289957490192,0.01901653804545043,0.05207634146625357,2277
17-30,old,actual,24,0.03643983028874776,0.018723272243551952,0.05394572132680041,2277
17-30,old,actual,25,0.03708226344607648,0.015149919398210015,0.05797898888899028,2277
17-30,old,actual,26,0.030472559061653283,0.008745720383148421,0.0545045035236279,2277
17-30,old,actual,27,0.02555903866170728,0.004164168984794839,0.04757514499136092,2277
17-30,old,actual,28,0.01875077257778997,0.0027767241432908527,0.035542547009540966,2277
17-30,old,actual,29,0.008544370918695204,0.002213722667229554,0.01914881172352637,2277
17-30,old,actual,30,0.0042443050399047465,0.0014939664677218792,0.007612668740629781,2277
17-30,old,own,1,0.0002779841625967692,0.00013435947269957652,0.0004779529777448653,2277
17-30,old,own,2,0.0005834709344202518,0.0002835674097008277,0.000999974320623258,2277
17-30,old,own,3,0.0009228345683855031,0.0004512266576173945,0.0015784182126752614,2277
17-30,old,own,4,0.0013049212715934518,0.0006410333259038496,0.0022252772111266183,2277
17-30,old,own,5,0.001305100741732232,0.0006410333259038496,0.002225866613646322,2277
17-30,old,own,6,0.0013099265297829123,0.0006410352290908959,0.002239790532020346,2277
17-30,old,own,7,0.001346246709362474,0.0006445856561970067,0.0023550162962297895,2277
17-30,old,own,8,0.001481851793346844,0.0006475060297510991,0.0027672275421031117,2277
17-30,old,own,9,0.0018215952983584392,0.0006597731046179504,0.003740963754174646,2277
17-30,old,own,10,0.002501414992008576,0.0007442577329478949,0.005568926936808896,2277
17-30,old,own,11,0.0038186315995220117,0.001050538468944999,0.00848006252578135,2277
17-30,old,own,12,0.0071989468166925715,0.0025360967532126228,0.013344510176596682,2277
17-30,old,own,13,0.014281284433561152,0.00676747807199299,0.02232284152307042,2277
17-30,old,own,14,0.023297609244883603,0.015982540257353864,0.03181658667150751,2277
17-30,old,own,15,0.028547526906370736,0.018546690982433667,0.03991984277419691,2277
17-30,old,own,16,0.039578186768684305,0.025162706823498145,0.05528851736036432,2277
17-30,old,own,17,0.054225488596691844,0.040871998649528965,0.069973837753829,2277
17-30,old,own,18,0.0682289333770688,0.05782891416309264,0.08140564853276129,2277
17-30,old,own,19,0.07415883017595329,0.05968296999575459,0.0879457272316613,2277
17-30,old,own,20,0.07483170018474462,0.05212141555537137,0.09387701456942327,2277
17-30,old,own,21,0.07458445876087805,0.05578332931158452,0.093821868958215,2277
17-30,old,own,22,0.07029040408537318,0.04774460858973551,0.08936742965730587,2277
17-30,old,own,23,0.06564610785491416,0.03967977104864262,0.08827056374583402,2277
17-30,old,own,24,0.06335527835752407,0.04694210038866146,0.08307806550737348,2277
17-30,old,own,25,0.057674022861568496,0.04505519514900933,0.07540164323060547,2277
17-30,old,own,26,0.04223858148352257,0.02846745855757248,0.06116364828871571,2277
17-30,old,own,27,0.03233266085365038,0.011239464467918363,0.0505230631707707,2277
17-30,old,own,28,0.0243522041103745,0.009943311830414178,0.037429036158341304,2277
17-30,old,own,29,0.011903024809588695,0.002687202968022606,0.02022221349280704,2277
17-30,old,own,30,-1.4603506964672026e-11,-6.634007565493412e-11,3.8067859552183076e-11,2277
4-10,new,actual,1,0.0007578547180377231,-0.0005372957044690882,0.00261968678905784,1146
4-10,new,actual,2,0.0014435797337652753,-0.0010111671806828414,0.005074991384389869,1146
4-10,new,actual,3,0.002122229888001773,-0.0013614098278186722,0.007389401055140921,1146
4-10,new,actual,4,0.0027597230537848363,-0.0016857228493938154,0.009511243036066732,1146
4-10,new,actual,5,0.0031533191741495094,-0.0019501680656476205,0.010896765597627766,1146
4-10,new,actual,6,0.003396435197864376,-0.0021102960079969492,0.011750196375659189,1146
4-10,new,actual,7,0.003624330462164879,-0.002231937445542324,0.012598596726267954,1146
4-10,new,actual,8,0.0038671909992093077,-0.00225614977327365,0.013331162684990482,1146
4-10,new,actual,9,0.004114413633966964,-0.002163287181203673,0.01395732264509634,1146
4-10,new,actual,10,0.004852225224178911,-0.0014991086122388376,0.014644803266567807,1146
4-10,new,actual,11,0.007411004619088305,0.0009716991991696254,0.01632587525296804,1146
4-10,new,actual,12,0.012996391656337985,0.00578724375312107,0.021055565235782465,1146
4-10,new,actual,13,0.011091425584940817,0.0043502136628004815,0.01895655403406597,1146
4-10,new,actual,14,0.00898243321451696,0.0028085667971028423,0.016921947546118647,1146
4-10,new,actual,15,0.007267594896421893,0.0018617519580109985,0.015323586698573545,1146
4-10,new,actual,16,0.005459485031071927,0.0007816590795557697,0.013146164063531621,1146
4-10,new,actual,17,0.003895328453504658,-0.0002535501537874622,0.010882770009992375,1146
4-10,new,actual,18,0.0033272997097694855,-0.0007362884327052732,0.009557751616603542,1146
4-10,new,actual,19,0.0032259553569249266,-0.0007022725545465721,0.008713974472136015,1146
4-10,new,actual,20,0.003063242658648783,-0.0007077693180452666,0.008061509036918543,1146
4-10,new,actual,21,0.002890447336740815,-0.0006887253255390775,0.007572094822861753,1146
4-10,new,actual,22,0.002832944335838238,-0.0006592748426429365,0.007292240739511694,1146
4-10,new,actual,23,0.0029383108277076134,-0.0006632924151899557,0.007852905638606054,1146
4-10,new,actual,24,0.002509345949456284,-0.0009429913873950736,0.006945739195864162,1146
4-10,new,actual,25,0.0025134158106784855,-0.0012723520765360356,0.007627939009963932,1146
4-10,new,actual,26,0.0031057273806764513,-0.0007261053095738073,0.008569753203286096,1146
4-10,new,actual,27,0.003477591472159091,-0.0006795900646019056,0.009751528679916677,1146
4-10,new,actual,28,0.0028436882210608715,-0.0010253708039836835,0.007749951092601541,1146
4-10,new,actual,29,0.002772694004082663,-0.0012147621830299361,0.007769424730100389,1146
4-10,new,actual,30,0.002922733543700547,-0.0006829123111509131,0.007931248334786619,1146
4-10,new,own,1,0.00097848490628269,-0.0003371364287559098,0.0030543843695003746,1146
4-10,new,own,2,0.0018601136398500267,-0.0006650861730140216,0.005929359362846196,1146
4-10,new,own,3,0.0026942859987787297,-0.0009563321361505682,0.008630290508535551,1146
4-10,new,own,4,0.0034749002368143754,-0.0011982131640550732,0.01113819340158944,1146
4-10,new,own,5,0.0041943563391993125,-0.0013895907535839585,0.013424600124793004,1146
4-10,new,own,6,0.004662818885373356,-0.0015453071086503367,0.014908898389315436,1146
4-10,new,own,7,0.005093711035252046,-0.0016412478969337068,0.016194994842649517,1146
4-10,new,own,8,0.005481582209896699,-0.0016547570596470024,0.017354757465176236,1146
4-10,new,own,9,0.005819423521520943,-0.0016363268861249508,0.01829286168904654,1146
4-10,new,own,10,0.006668947522813043,-0.0008255958083040967,0.019357194987714887,1146
4-10,new,own,11,0.009612917570705428,0.002549158397943451,0.021237514943644176,1146
4-10,new,own,12,0.01610107645660338,0.00917645691036282,0.02529903173065497,1146
4-10,new,own,13,0.013774208949034361,0.0070173207702672645,0.023796223787579802,1146
4-10,new,own,14,0.011090811867854655,0.004756181559043368,0.021771080175679004,1146
4-10,new,own,15,0.007987802363729512,0.002523151578552449,0.018436630042707285,1146
4-10,new,own,16,0.004656659031320842,0.0005650953476887189,0.013256556214156088,1146
4-10,new,own,17,0.002212205491213491,3.081206665714993e-05,0.007965210504331285,1146
4-10,new,own,18,0.0012674519952469104,5.459680229512576e-06,0.004609415323210484,1146
4-10,new,own,19,0.0006582133349283544,1.1542834850397403e-06,0.0024054882871733124,1146
4-10,new,own,20,0.0002981020751124395,2.1531308274662124e-07,0.0010967007810189302,1146
4-10,new,own,21,0.00011251088609804377,2.7050386499068786e-08,0.00044510818174549067,1146
4-10,new,own,22,3.539482901107715e-05,-9.428676512842682e-12,0.00014729298521875875,1146
4-10,new,own,23,9.489505659312899e-06,-1.6487919294984145e-11,4.120313209121007e-05,1146
4-10,new,own,24,1.2543397283112697e-06,-2.410179649598617e-11,5.529524303868532e-06,1146
4-10,new,own,25,2.726643210130086e-07,-2.8103935171538404e-11,1.363399943960596e-06,1146
4-10,new,own,26,-2.3292125397093472e-11,-6.480037785897021e-11,3.0284595513698684e-12,1146
4-10,new,own,27,-2.3292125397093472e-11,-6.480037785897021e-11,3.0284595513698684e-12,1146
4-10,new,own,28,-2.3292125397093472e-11,-6.480037785897021e-11,3.0284595513698684e-12,1146
4-10,new,own,29,-2.3292125397093472e-11,-6.480037785897021e-11,3.0284595513698684e-12,1146
4-10,new,own,30,-2.3292125397093472e-11,-6.480037785897021e-11,3.0284595513698684e-12,1146
4-10,old,actual,1,0.006383863329368066,0.004213725014738854,0.008873927173692934,1146
4-10,old,actual,2,0.012493594205836024,0.008146310412336764,0.017402424344432784,1146
4-10,old,actual,3,0.018311946718690814,0.01181351213976554,0.0255776959127222,1146
4-10,old,actual,4,0.023714639147372724,0.015103805393801222,0.03324406044970197,1146
4-10,old,actual,5,0.03038985904559158,0.020855645067227542,0.041694918230881804,1146
4-10,old,actual,6,0.041802616740914025,0.028940356103769237,0.056411750785261575,1146
4-10,old,actual,7,0.04852653736987193,0.029939334110156274,0.06893547134878128,1146
4-10,old,actual,8,0.049673498470345176,0.0289691115433046,0.0721325907911766,1146
4-10,old,actual,9,0.052197529520528314,0.030782778347099887,0.07114765304681853,1146
4-10,old,actual,10,0.04348733039022388,0.02254892710702662,0.06248972160938642,1146
4-10,old,actual,11,0.03013566511880763,0.01307456478604867,0.04842162691190328,1146
4-10,old,actual,12,0.02053987966007221,0.007659133884507518,0.038215767152845956,1146
4-10,old,actual,13,0.016202247480439053,0.0061317519819617024,0.031527893721083555,1146
4-10,old,actual,14,0.014339625512274492,0.005756414278553448,0.027271076555464128,1146
4-10,old,actual,15,0.011045170607183998,0.0031666763841348114,0.023844964579093963,1146
4-10,old,actual,16,0.009727830398656559,0.0026358304378014956,0.021918183220932686,1146
4-10,old,actual,17,0.008715164053303238,0.002161545811559217,0.019713256745485554,1146
4-10,old,actual,18,0.008219636128018947,0.0019222602957747368,0.01840018664474067,1146
4-10,old,actual,19,0.008063420211149091,0.0021433098692456537,0.017602508130439766,1146
4-10,old,actual,20,0.007864808189173669,0.00225889809423851,0.016931429665751386,1146
4-10,old,actual,21,0.007712948457953255,0.0024231097956233134,0.016439923562706606,1146
4-10,old,actual,22,0.007650993832248721,0.0024676326336549852,0.016130684637575613,1146
4-10,old,actual,23,0.0077541242856649616,0.002467809068921458,0.01661400739407937,1146
4-10,old,actual,24,0.00732515940709263,0.0023491191021630963,0.01537239857692892,1146
4-10,old,actual,25,0.007329263354281711,0.0019296413334943224,0.016208721990440867,1146
4-10,old,actual,26,0.007921574924279674,0.002119852136375284,0.017417846660451833,1146
4-10,old,actual,27,0.008293439015762318,0.002100872965114579,0.01842364520031666,1146
4-10,old,actual,28,0.007659433506798499,0.0019351247499732425,0.01653628052120162,1146
4-10,old,actual,29,0.007589816362295594,0.0018619969056667823,0.016583161337484942,1146
4-10,old,actual,30,0.007739440053312075,0.002087148336812548,0.016856113647283816,1146
4-10,old,own,1,0.006904657477687876,0.004910036791393275,0.009127183783628229,1146
4-10,old,own,2,0.013538615680170167,0.009562289925497552,0.017964542414046665,1146
4-10,old,own,3,0.019843318070186047,0.013913450069258444,0.026483426939881774,1146
4-10,old,own,4,0.025738988218275943,0.017875787175468078,0.03447295978060351,1146
4-10,old,own,5,0.032752610052412805,0.023505695698010656,0.043347992568772926,1146
4-10,old,own,6,0.045480350188046206,0.03213311069086821,0.06036131040512393,1146
4-10,old,own,7,0.05609278350390412,0.03810221995423457,0.07747974537558029,1146
4-10,old,own,8,0.06042090303712378,0.040675230998616814,0.08477463410385534,1146
4-10,old,own,9,0.06246050042128657,0.03909222120881535,0.08533681555955996,1146
4-10,old,own,10,0.05102357694057634,0.025390095814098967,0.07669782844521864,1146
4-10,old,own,11,0.03372108317822369,0.012550496498655278,0.059488379961114675,1146
4-10,old,own,12,0.020729162365297083,0.005782892193226203,0.04444876692732164,1146
4-10,old,own,13,0.014859412764148804,0.004156051628027977,0.033721800895059016,1146
4-10,old,own,14,0.01209085951345452,0.0037597110933940857,0.026349143829317984,1146
4-10,old,own,15,0.006298947412803252,0.0007461536011260836,0.01858093787900161,1146
4-10,old,own,16,0.0036244273330420258,0.0001669987763032333,0.012185249609317075,1146
4-10,old,own,17,0.002180546436153061,2.478398888217385e-05,0.00764063740119994,1146
4-10,old,own,18,0.0012621891007258503,6.294460325543969e-06,0.004449928480284575,1146
4-10,old,own,19,0.0006432154928458013,8.786027045977439e-07,0.0023162679082384782,1146
4-10,old,own,20,0.0002897305418137904,2.9063238304480716e-07,0.0010830419446784094,1146
4-10,old,own,21,0.00011185641213743752,2.7042590184410317e-08,0.0004413011215159307,1146
4-10,old,own,22,3.544934278977542e-05,-2.946137752503698e-11,0.00014732439967201283,1146
4-10,old,own,23,9.434944398850807e-06,-4.127111746209007e-11,4.105283504688359e-05,1146
4-10,old,own,24,1.2543159904768814e-06,-7.515014176284226e-11,5.529491550717187e-06,1146
4-10,old,own,25,2.7264058317862134e-07,-7.733206099744549e-11,1.3633637143560467e-06,1146
4-10,old,own,26,-4.702995978443457e-11,-1.0344863351357114e-10,4.062533377838317e-12,1146
4-10,old,own,27,-4.702995978443457e-11,-1.0344863351357114e-10,4.062533377838317e-12,1146
4-10,old,own,28,-4.702995978443457e-11,-1.0344863351357114e-10,4.062533377838317e-12,1146
4-10,old,own,29,-4.702995978443457e-11,-1.0344863351357114e-10,4.062533377838317e-12,1146
4-10,old,own,30,-4.702995978443457e-11,-1.0344863351357114e-10,4.062533377838317e-12,1146
