rule,curve,type,share,lo99,hi99,n,tp_dominated_share
old,linear,both_lose,0.4624183006535948,0.3082442847553994,0.6470134990525267,1132,0.254416961130742
old,linear,both_win,0.0012254901960784314,0.0,0.004594974443653143,3,0.0
old,linear,normal,0.40522875816993464,0.2936617530585096,0.4862769724714337,992,0.7489878542510121
old,linear,opposed,0.013071895424836602,0.0023434338872832384,0.028548561718753564,32,0.90625
old,linear,one_sided_win,0.016748366013071895,0.0038411147737488767,0.03631990596408329,41,0.8048780487804879
old,linear,no_own_stake,0.10130718954248366,0.04428169324289915,0.16075087032789787,248,1.0
old,concave,both_lose,0.4158496732026144,0.26529248234230274,0.6050624922037128,1018,0.28094302554027506
old,concave,both_win,0.0016339869281045752,0.0,0.00504020223807693,4,0.25
old,concave,normal,0.41911764705882354,0.31843683836541786,0.4883349798613037,1026,0.7302052785923754
old,concave,opposed,0.015931372549019607,0.0038388199573093505,0.03280709453945341,39,0.8205128205128205
old,concave,one_sided_win,0.018790849673202614,0.00591942487180261,0.04137692972777848,46,0.8260869565217391
old,concave,no_own_stake,0.12867647058823528,0.059380420139200814,0.19711896551010025,315,1.0
old,convex,both_lose,0.4636437908496732,0.3438443611074391,0.586781054825082,1135,0.20881057268722467
old,convex,both_win,0.0004084967320261438,0.0,0.0025575775040851956,1,0.0
old,convex,normal,0.41625816993464054,0.34853592667309885,0.4764443453743644,1019,0.6086529006882989
old,convex,opposed,0.010212418300653595,0.0016919832035954404,0.02079002926536559,25,0.68
old,convex,one_sided_win,0.01184640522875817,0.0030171118839721774,0.02287875804956117,29,0.6551724137931034
old,convex,no_own_stake,0.09763071895424837,0.04675363395257369,0.15781101707967282,239,1.0
old,top3_stress,both_lose,0.184640522875817,0.14517239618510208,0.24258307667794016,452,0.01327433628318584
old,top3_stress,both_win,0.0,0.0,0.0,0,nan
old,top3_stress,normal,0.4665032679738562,0.43242092039383845,0.5026465317628109,1142,0.11904761904761904
old,top3_stress,opposed,0.0004084967320261438,0.0,0.00250313935825458,1,0.0
old,top3_stress,one_sided_win,0.003676470588235294,0.0003963472734655966,0.008370132845015716,9,0.375
old,top3_stress,no_own_stake,0.34477124183006536,0.28797691720833346,0.389462948933133,844,0.9888268156424581
new,linear,both_lose,0.2883986928104575,0.17975562387536087,0.4136575387889099,706,0.24645892351274787
new,linear,both_win,0.006127450980392157,0.0004020334992854642,0.01448728361705537,15,0.13333333333333333
new,linear,normal,0.40155228758169936,0.33383297843095494,0.4725776094625442,983,0.6087844739530133
new,linear,opposed,0.05392156862745098,0.014849283378587435,0.09579269713485793,132,0.37404580152671757
new,linear,one_sided_win,0.05065359477124183,0.016233709273182958,0.0980168072236734,124,0.7213114754098361
new,linear,no_own_stake,0.19934640522875818,0.10450542968819895,0.29212289059345986,488,1.0
new,concave,both_lose,0.2937091503267974,0.1875745200028126,0.40109474968169156,719,0.29763560500695413
new,concave,both_win,0.0053104575163398695,0.0,0.013025238283232758,13,0.3076923076923077
new,concave,normal,0.4236111111111111,0.37945823512447974,0.4730567160082656,1037,0.6627906976744186
new,concave,opposed,0.034722222222222224,0.012414243268985768,0.05765335496148688,85,0.4588235294117647
new,concave,one_sided_win,0.03553921568627451,0.013252903969573295,0.06484429209183676,87,0.7126436781609196
new,concave,no_own_stake,0.20710784313725492,0.12139779173370925,0.2936020276949913,507,1.0
new,convex,both_lose,0.25326797385620914,0.1628914001841819,0.35872243323172565,620,0.20967741935483872
new,convex,both_win,0.008986928104575163,0.002341787860535962,0.01823468443195681,22,0.13636363636363635
new,convex,normal,0.3958333333333333,0.34337073369634835,0.4539475638076949,969,0.49948293691830403
new,convex,opposed,0.06740196078431372,0.029559948537815905,0.10998088908452647,165,0.2545454545454545
new,convex,one_sided_win,0.06781045751633986,0.028570283423990844,0.11278227999243391,166,0.6012269938650306
new,convex,no_own_stake,0.20669934640522875,0.11460198803651767,0.2954108630538772,506,1.0
new,top3_stress,both_lose,0.12254901960784313,0.0765427586532559,0.17535225568271068,300,0.03666666666666667
new,top3_stress,both_win,0.00980392156862745,0.00205420642929852,0.02133870397860953,24,0.125
new,top3_stress,normal,0.35866013071895425,0.2901799190622268,0.4390167992474592,878,0.22145328719723184
new,top3_stress,opposed,0.05718954248366013,0.025966229363503252,0.08746706149680711,140,0.05
new,top3_stress,one_sided_win,0.10620915032679738,0.04965362650004583,0.15972815091552642,260,0.24489795918367346
new,top3_stress,no_own_stake,0.34558823529411764,0.2669096365335893,0.4115274731968812,846,1.0
