rule,feature,value,n,reversal_share,lo99,hi99
old,holds_conditional_other,True,529,0.09073724007561437,0.04290991471215352,0.13902949530259998
old,holds_conditional_other,False,723,0.0,0.0,0.0
old,holds_opponent_pick,True,43,0.46511627906976744,0.24,0.696969696969697
old,holds_opponent_pick,False,1209,0.02315963606286187,0.008144517247458426,0.04190208315662243
old,holds_pooled_pick,True,379,0.06596306068601583,0.0029555192817792425,0.1705887021475257
old,holds_pooled_pick,False,873,0.026345933562428408,0.006002346965772816,0.04857167540882444
old,self_restricted,True,103,0.038834951456310676,0.0,0.10743801652892562
old,self_restricted,False,1149,0.038294168842471714,0.01615908370780044,0.06319409680300755
old,opp_restricted,True,103,0.02912621359223301,0.0,0.09375267094017099
old,opp_restricted,False,1149,0.0391644908616188,0.016225309892364682,0.06783987378754237
old,holds_conditional_other_state,True,472,0.09957627118644068,0.047108201101777124,0.15922555615014147
old,holds_conditional_other_state,False,780,0.001282051282051282,0.0,0.007463247671417361
old,holds_opponent_pick_state,True,39,0.5128205128205128,0.25925925925925924,0.7435957066189626
old,holds_opponent_pick_state,False,1213,0.023083264633140973,0.008144385693437083,0.04166834271922771
new,holds_conditional_other,True,529,0.18525519848771266,0.09068610376486273,0.2644447876447876
new,holds_conditional_other,False,723,0.08990318118948824,0.03625365477807742,0.1519214051068217
new,holds_opponent_pick,True,43,0.4883720930232558,0.2448880039820807,0.7777777777777778
new,holds_opponent_pick,False,1209,0.11745244003308519,0.05550436377882636,0.15983664484736143
new,holds_pooled_pick,True,379,0.13984168865435356,0.0328461170276415,0.24812317417748198
new,holds_pooled_pick,False,873,0.12600229095074456,0.06385323110624316,0.18996451612903226
new,self_restricted,True,103,0.1650485436893204,0.009009009009009009,0.3333333333333333
new,self_restricted,False,1149,0.12706701479547433,0.05749190997493005,0.17884996292953775
new,opp_restricted,True,103,0.10679611650485436,0.0,0.24038817663817671
new,opp_restricted,False,1149,0.13228894691035684,0.06605329580615772,0.17805992415370034
new,holds_conditional_other_state,True,500,0.176,0.09016035333439441,0.2400007561436673
new,holds_conditional_other_state,False,752,0.09973404255319149,0.03901464900114575,0.16190507989506323
new,holds_opponent_pick_state,True,40,0.5,0.25423012652184296,0.7666666666666667
new,holds_opponent_pick_state,False,1212,0.11798679867986799,0.05594958729495351,0.16111290322580651
