portfolio,band,curve,n,mean_old,mean_new,ratio_new_old,old_lo99,old_hi99,new_lo99,new_hi99,ratio_lo99,ratio_hi99
own,1-3,linear,495,0.0033679666488959756,-0.0016234652408913983,-0.4820312699425253,0.0021651077554778707,0.0047150037904720235,-0.002487685282060205,-0.0006672246744949202,-0.5544477087104975,-0.29308817135691817
own,1-3,concave,495,0.0018359502180084614,-0.0008108762737152742,-0.4416657193433428,0.001180147385114226,0.0025711826236444377,-0.0012499378116402335,-0.0003259524980857836,-0.511239772498648,-0.2593424167210973
own,1-3,convex,495,0.00567728455631367,-0.0030450391115583843,-0.5363548508717987,0.0036472291990646373,0.00794293754163168,-0.00462201213264319,-0.0013055725939062851,-0.612949096590056,-0.33989736356143385
own,1-3,top3_stress,495,0.004589675887048464,-0.005502018555685302,-1.19878150246107,0.0016491944254698244,0.008061301423001129,-0.008329481418792641,-0.002458226044688742,-1.7562585786202431,-0.9424721923576032
own,4-10,linear,1146,0.016210832592964006,0.0037498963987303235,0.2313204073403295,0.009848271877643602,0.02431598503445896,0.0006203933307010576,0.009215291557868805,0.059958446776338506,0.38551656355781777
own,4-10,concave,1146,0.009520753567046975,0.0023792455907370173,0.2499009741174281,0.005662443553140396,0.014565429766334593,0.00044680838110458076,0.005797214720986868,0.07605077746324693,0.4041566161753234
own,4-10,convex,1146,0.023950223201401874,0.004813157175077151,0.20096502377461867,0.015134813726228338,0.03472406942826233,0.0005316188831042629,0.01211563722636642,0.03288371463183222,0.35775805594412907
own,4-10,top3_stress,1146,0.019843318070185998,0.0026942859987787193,0.13577799787560754,0.013913450069258395,0.02648342693988174,-0.000956332136150564,0.008630290508535537,-0.0604867439389874,0.34797649825231497
own,11-16,linear,978,0.032627930641796435,0.03435196020392327,1.0528390715627656,0.025042467285283095,0.04566903542217717,0.02443048979438739,0.04723789458849484,0.9291466105368493,1.2056311433381146
own,11-16,concave,978,0.022022960347824666,0.02257864324574942,1.0252319801311198,0.01665266267729201,0.03043984447268527,0.015904751479153153,0.030913779269941793,0.9133858004380723,1.156714870733959
own,11-16,convex,978,0.037318236900466255,0.041920473709746664,1.1233240686465258,0.028970251793892256,0.0533322965968946,0.030046309420425563,0.05858563442080382,0.9725856176263715,1.3241144699450642
own,11-16,top3_stress,978,0.011449323223837283,0.021878577591115004,1.9109057507926934,0.0070210682119239125,0.01824557967842103,0.01512914737396727,0.03320257246696504,1.5368198011633805,2.6399520192635184
own,17-30,linear,2277,0.0290827320097639,0.03412518599563069,1.1733830915257168,0.02626185800483896,0.032792923341263026,0.030605863832248253,0.03884893386475307,1.1225780416162352,1.2164740441260096
own,17-30,concave,2277,0.031025032168951798,0.034028809769280556,1.0968178722256017,0.028239780137461618,0.03379765914007098,0.031040695932913583,0.037133656069353926,1.0671088448362887,1.1256899131315483
own,17-30,convex,2277,0.017724975130971907,0.024928710270872397,1.4064172212751358,0.015621716346964225,0.020819103924292426,0.020941263128223482,0.030229765734503828,1.3058507441124767,1.4749556687670613
own,17-30,top3_stress,2277,0.0009228345683854819,0.0057572602876782945,6.238669946825616,0.00045122665761737407,0.0015784182126752384,0.0031460623551500468,0.008530024119437039,4.907396201994099,8.709189981834836
actual,1-3,linear,495,0.0032608305033434266,-0.0022732019813022806,-0.6971236250922883,0.0012920503104537633,0.0051583014785452465,-0.0050653452839444545,0.0002314881101914717,-3.242778731314605,0.09266562449419609
actual,1-3,concave,495,0.0020262917759716085,-0.0012624336413479401,-0.6230265830016519,0.0003779724151542785,0.003697894883291979,-0.0037083840851847246,0.001275183961027904,-6.894037681845714,1.0605087661843922
actual,1-3,convex,495,0.005223711162865854,-0.003692854165881337,-0.7069407267639484,0.0031827479452048745,0.007382020038342557,-0.00623692764390871,-0.0011234413578511309,-1.577602621034055,-0.276691355968209
actual,1-3,top3_stress,495,0.0045210448499381,-0.005595050765758953,-1.2375570142454033,0.001659939761222532,0.007949069209906465,-0.008320024576100673,-0.002586987117368254,-2.024382370129582,-0.9336792077310164
actual,4-10,linear,1146,0.018312814325661984,0.004230883744991349,0.23103405461074092,0.010495704041293293,0.028905666394563902,-9.77848988819804e-05,0.010660391696281347,-0.007616619542094344,0.3811417162873841
actual,4-10,concave,1146,0.013933036830650407,0.003792378387259465,0.2721860591738946,0.00736084481029047,0.023962208258659242,-0.00027797277023215277,0.009692147444281702,-0.03434722753025682,0.4390889569503866
actual,4-10,convex,1146,0.023285471222567744,0.004327393851032152,0.1858409396000602,0.014054860673179686,0.034410099853443274,-0.00025028151550062665,0.011092728912577714,-0.017186632211089674,0.33268716487401956
actual,4-10,top3_stress,1146,0.018311946718690766,0.0021222298880017604,0.1158931882340848,0.011813512139765496,0.02557769591272217,-0.0013614098278186707,0.007389401055140898,-0.10666414660877634,0.31685737265857267
actual,11-16,linear,978,0.02751582970732341,0.026697327181259195,0.9702533946906072,0.017361429875454467,0.03887658639401556,0.01748125664061493,0.03649112904345069,0.8079783595645442,1.1563789607557249
actual,11-16,concave,978,0.02261844335716413,0.02088367252686981,0.9233028196104905,0.013930397082935574,0.03164826939715924,0.013441980353103048,0.027929024218820587,0.736752751380931,1.1143643433085364
actual,11-16,convex,978,0.0284659693517821,0.02984372039140159,1.048399934061379,0.017899810529840576,0.042189669069592005,0.019441647306674803,0.04226997396074333,0.902442978584351,1.2599264756260695
actual,11-16,top3_stress,978,0.008977964832186132,0.015893289353194093,1.7702552471821258,0.005062378601050707,0.014924994611021309,0.010112611304227888,0.023942945666552296,1.4851344036190601,2.3937637914349525
actual,17-30,linear,2277,0.016688831064145513,0.021175852376995073,1.2688637266207057,0.008667975119857571,0.023554887303300315,0.013029675290706685,0.029018241732746763,1.1526207942936184,1.5458220004167222
actual,17-30,concave,2277,0.01865153932720884,0.022377590724920755,1.1997717900032172,0.00889892057646026,0.027313700979307517,0.013204114757011333,0.03089206311460129,1.0898894214444592,1.5021733965389423
actual,17-30,convex,2277,0.00981537476161299,0.015020051583781863,1.5302575753422962,0.005273876729866967,0.014009750257699426,0.00959329841579758,0.021136145656131058,1.3645147893094798,1.8869782656783525
actual,17-30,top3_stress,2277,0.000597731140889201,0.003570207991292431,5.972932890833316,0.0002727007637391785,0.00098012443731359,0.002069906899529119,0.005166416191472855,4.578018688643603,9.054595506112411
