rule,portfolio,stopped_at,verdict_B,verdict_B_pm,count
delta,actual,2000,dominance_positive,dominance_positive,1
delta,actual,2000,negligible,negligible,3
delta,actual,2000,reversal,reversal,7
delta,actual,2000,unresolved,unresolved,1
delta,actual,32000,dominance_positive,dominance_positive,117
delta,actual,32000,dominance_positive,unresolved,111
delta,actual,32000,negligible,dominance_positive,1
delta,actual,32000,negligible,negligible,605
delta,actual,32000,negligible,unresolved,49
delta,actual,32000,reversal,reversal,993
delta,actual,32000,reversal,unresolved,142
delta,actual,32000,unresolved,unresolved,68
delta,actual,8000,dominance_positive,dominance_positive,5
delta,actual,8000,dominance_positive,unresolved,5
delta,actual,8000,negligible,negligible,74
delta,actual,8000,negligible,unresolved,8
delta,actual,8000,reversal,reversal,100
delta,actual,8000,reversal,unresolved,7
delta,actual,8000,unresolved,unresolved,11
delta,own,2000,negligible,negligible,1
delta,own,2000,reversal,reversal,10
delta,own,2000,unresolved,unresolved,1
delta,own,32000,dominance_positive,dominance_positive,4
delta,own,32000,dominance_positive,unresolved,137
delta,own,32000,negligible,negligible,358
delta,own,32000,negligible,unresolved,56
delta,own,32000,reversal,reversal,1158
delta,own,32000,reversal,unresolved,238
delta,own,32000,unresolved,unresolved,135
delta,own,8000,dominance_positive,dominance_positive,2
delta,own,8000,dominance_positive,unresolved,8
delta,own,8000,negligible,negligible,39
delta,own,8000,negligible,unresolved,10
delta,own,8000,reversal,reversal,116
delta,own,8000,reversal,unresolved,14
delta,own,8000,unresolved,unresolved,21
new,actual,2000,dominance_positive,dominance_positive,3
new,actual,2000,negligible,negligible,3
new,actual,2000,reversal,reversal,5
new,actual,2000,unresolved,unresolved,1
new,actual,32000,dominance_positive,dominance_positive,1131
new,actual,32000,dominance_positive,unresolved,60
new,actual,32000,negligible,dominance_positive,20
new,actual,32000,negligible,negligible,494
new,actual,32000,negligible,unresolved,36
new,actual,32000,reversal,reversal,231
new,actual,32000,reversal,unresolved,52
new,actual,32000,unresolved,unresolved,62
new,actual,8000,dominance_positive,dominance_positive,113
new,actual,8000,dominance_positive,unresolved,3
new,actual,8000,negligible,dominance_positive,2
new,actual,8000,negligible,negligible,55
new,actual,8000,negligible,unresolved,1
new,actual,8000,reversal,reversal,26
new,actual,8000,reversal,unresolved,3
new,actual,8000,unresolved,unresolved,7
new,own,2000,dominance_positive,dominance_positive,7
new,own,2000,reversal,reversal,5
new,own,32000,dominance_positive,dominance_positive,1567
new,own,32000,dominance_positive,unresolved,26
new,own,32000,negligible,dominance_positive,27
new,own,32000,negligible,negligible,201
new,own,32000,negligible,unresolved,4
new,own,32000,reversal,reversal,218
new,own,32000,reversal,unresolved,20
new,own,32000,unresolved,unresolved,23
new,own,8000,dominance_positive,dominance_positive,159
new,own,8000,negligible,dominance_positive,2
new,own,8000,negligible,negligible,21
new,own,8000,reversal,reversal,26
new,own,8000,reversal,unresolved,1
new,own,8000,unresolved,unresolved,1
old,actual,2000,dominance_positive,dominance_positive,7
old,actual,2000,negligible,negligible,3
old,actual,2000,reversal,reversal,1
old,actual,2000,unresolved,unresolved,1
old,actual,32000,dominance_positive,dominance_positive,1425
old,actual,32000,dominance_positive,unresolved,120
old,actual,32000,negligible,dominance_positive,4
old,actual,32000,negligible,negligible,427
old,actual,32000,negligible,unresolved,13
old,actual,32000,reversal,reversal,39
old,actual,32000,reversal,unresolved,23
old,actual,32000,unresolved,unresolved,35
old,actual,8000,dominance_positive,dominance_positive,144
old,actual,8000,dominance_positive,unresolved,11
old,actual,8000,negligible,negligible,47
old,actual,8000,reversal,reversal,3
old,actual,8000,unresolved,unresolved,5
old,own,2000,dominance_positive,dominance_positive,12
old,own,32000,dominance_positive,dominance_positive,2033
old,own,32000,dominance_positive,unresolved,23
old,own,32000,negligible,dominance_positive,1
old,own,32000,negligible,negligible,27
old,own,32000,negligible,unresolved,2
old,own,8000,dominance_positive,dominance_positive,204
old,own,8000,dominance_positive,unresolved,2
old,own,8000,negligible,negligible,3
old,own,8000,unresolved,unresolved,1
