rule,portfolio,value_class,verdict,share,lo99,hi99,n
old,actual,B,dominance_positive,0.7396013864818024,0.6085146996794981,0.8199238751189452,2308
old,actual,B,reversal,0.02859618717504333,0.012670965520407699,0.06797458869849958,2308
old,actual,B,negligible,0.21403812824956672,0.14718275906091383,0.3090108384783773,2308
old,actual,B,unresolved,0.01776429809358752,0.008457522514012219,0.030349940020992658,2308
old,actual,C,dominance_positive,0.7396013864818024,0.6085146996794981,0.8199238751189452,2308
old,actual,C,reversal,0.02859618717504333,0.012670965520407699,0.06797458869849958,2308
old,actual,C,negligible,0.21403812824956672,0.14718275906091383,0.3090108384783773,2308
old,actual,C,unresolved,0.01776429809358752,0.008457522514012219,0.030349940020992658,2308
old,actual,B_pm,dominance_positive,0.6845753899480069,0.5655489507890321,0.7636141060019389,2308
old,actual,B_pm,reversal,0.018630849220103985,0.006731910114441541,0.04388375193655592,2308
old,actual,B_pm,negligible,0.20667244367417678,0.1439676684701183,0.2983036051823614,2308
old,actual,B_pm,unresolved,0.09012131715771231,0.06901096721431536,0.11755349560467306,2308
old,actual,C_pm,dominance_positive,0.6845753899480069,0.5655489507890321,0.7636141060019389,2308
old,actual,C_pm,reversal,0.018630849220103985,0.006731910114441541,0.04388375193655592,2308
old,actual,C_pm,negligible,0.20667244367417678,0.1439676684701183,0.2983036051823614,2308
old,actual,C_pm,unresolved,0.09012131715771231,0.06901096721431536,0.11755349560467306,2308
old,own,B,dominance_positive,0.9852686308492201,0.9676389456144139,0.9981299288678672,2308
old,own,B,reversal,0.0,0.0,0.0,2308
old,own,B,negligible,0.014298093587521665,0.0017562369893312525,0.031635349475664806,2308
old,own,B,unresolved,0.0004332755632582322,0.0,0.003000229746070138,2308
old,own,C,dominance_positive,0.9852686308492201,0.9676389456144139,0.9981299288678672,2308
old,own,C,reversal,0.0,0.0,0.0,2308
old,own,C,negligible,0.014298093587521665,0.0017562369893312525,0.031635349475664806,2308
old,own,C,unresolved,0.0004332755632582322,0.0,0.003000229746070138,2308
old,own,B_pm,dominance_positive,0.9748700173310225,0.9465187610970823,0.995158743001803,2308
old,own,B_pm,reversal,0.0,0.0,0.0,2308
old,own,B_pm,negligible,0.012998266897746967,0.0016163371025189185,0.028430911413279452,2308
old,own,B_pm,unresolved,0.012131715771230503,0.0005159379541290202,0.029687844558964532,2308
old,own,C_pm,dominance_positive,0.9748700173310225,0.9465187610970823,0.995158743001803,2308
old,own,C_pm,reversal,0.0,0.0,0.0,2308
old,own,C_pm,negligible,0.012998266897746967,0.0016163371025189185,0.028430911413279452,2308
old,own,C_pm,unresolved,0.012131715771230503,0.0005159379541290202,0.029687844558964532,2308
new,actual,B,dominance_positive,0.5675909878682842,0.4466912508602385,0.6559001482267687,2308
new,actual,B,reversal,0.13734835355285963,0.08141740176423416,0.17701909746858935,2308
new,actual,B,negligible,0.2647313691507799,0.17840206145255766,0.3698652707606299,2308
new,actual,B,unresolved,0.030329289428076257,0.017840189652768092,0.04821280124550147,2308
new,actual,C,dominance_positive,0.5680242634315424,0.4466912508602385,0.656912079338798,2308
new,actual,C,reversal,0.13734835355285963,0.08141740176423416,0.17701909746858935,2308
new,actual,C,negligible,0.2647313691507799,0.17840206145255766,0.3698652707606299,2308
new,actual,C,unresolved,0.029896013864818025,0.01750504965460283,0.04809873308688943,2308
new,actual,B_pm,dominance_positive,0.5498266897746967,0.41644981499809175,0.6358854602702505,2308
new,actual,B_pm,reversal,0.11351819757365685,0.06905675125584618,0.14816972719437033,2308
new,actual,B_pm,negligible,0.2391681109185442,0.1662230199237486,0.3449294720609579,2308
new,actual,B_pm,unresolved,0.09748700173310225,0.06608676107404099,0.15168708980038978,2308
new,actual,C_pm,dominance_positive,0.5506932409012132,0.41644981499809175,0.638250658601557,2308
new,actual,C_pm,reversal,0.11308492201039862,0.06905675125584618,0.14796788549045972,2308
new,actual,C_pm,negligible,0.2391681109185442,0.1662230199237486,0.3449294720609579,2308
new,actual,C_pm,unresolved,0.09705372616984402,0.06535500152751306,0.15168708980038978,2308
new,own,B,dominance_positive,0.7621317157712305,0.6918324786324787,0.8207348831448323,2308
new,own,B,reversal,0.1169844020797227,0.06789223157106901,0.1521990441811989,2308
new,own,B,negligible,0.11048526863084922,0.058311487696152645,0.17312410006454715,2308
new,own,B,unresolved,0.010398613518197574,0.004434257986946068,0.017552850244022807,2308
new,own,C,dominance_positive,0.7621317157712305,0.6918324786324787,0.8207348831448323,2308
new,own,C,reversal,0.1169844020797227,0.06789223157106901,0.1521990441811989,2308
new,own,C,negligible,0.11048526863084922,0.058311487696152645,0.17312410006454715,2308
new,own,C,unresolved,0.010398613518197574,0.004434257986946068,0.017552850244022807,2308
new,own,B_pm,dominance_positive,0.7634315424610052,0.6939047048246928,0.8185407195346914,2308
new,own,B_pm,reversal,0.10788561525129983,0.06393366829490418,0.14268862838205473,2308
new,own,B_pm,negligible,0.09618717504332755,0.0482381682477334,0.15807295229408938,2308
new,own,B_pm,unresolved,0.03249566724436742,0.016128599844331057,0.0484297200555615,2308
new,own,C_pm,dominance_positive,0.7634315424610052,0.6939047048246928,0.8185407195346914,2308
new,own,C_pm,reversal,0.10788561525129983,0.06393366829490418,0.14268862838205473,2308
new,own,C_pm,negligible,0.09618717504332755,0.0482381682477334,0.15807295229408938,2308
new,own,C_pm,unresolved,0.03249566724436742,0.016128599844331057,0.0484297200555615,2308
delta,actual,B,dominance_positive,0.1035528596187175,0.06249957798784605,0.14653790923023086,2308
delta,actual,B,reversal,0.541161178509532,0.4717720375059636,0.6100720386307454,2308
delta,actual,B,negligible,0.32062391681109187,0.29214325399442886,0.362535008897895,2308
delta,actual,B,unresolved,0.03466204506065858,0.021724578550932568,0.056444092630533314,2308
delta,actual,C,dominance_positive,0.1035528596187175,0.06249957798784605,0.14653790923023086,2308
delta,actual,C,reversal,0.541161178509532,0.4717720375059636,0.6100720386307454,2308
delta,actual,C,negligible,0.32062391681109187,0.29214325399442886,0.362535008897895,2308
delta,actual,C,unresolved,0.03466204506065858,0.021724578550932568,0.056444092630533314,2308
delta,actual,B_pm,dominance_positive,0.053726169844020795,0.029576550285825745,0.0882356107136073,2308
delta,actual,B_pm,reversal,0.47660311958405543,0.41767055412868304,0.5329574349611755,2308
delta,actual,B_pm,negligible,0.2954939341421144,0.2724068340001096,0.32776169176568115,2308
delta,actual,B_pm,unresolved,0.17417677642980936,0.13060570897975202,0.22483554824658883,2308
delta,actual,C_pm,dominance_positive,0.053726169844020795,0.029576550285825745,0.0882356107136073,2308
delta,actual,C_pm,reversal,0.47660311958405543,0.41767055412868304,0.5329574349611755,2308
delta,actual,C_pm,negligible,0.2954939341421144,0.2724068340001096,0.32776169176568115,2308
delta,actual,C_pm,unresolved,0.17417677642980936,0.13060570897975202,0.22483554824658883,2308
delta,own,B,dominance_positive,0.06542461005199307,0.04221135853856556,0.0891137567417225,2308
delta,own,B,reversal,0.6655112651646448,0.6279434458831287,0.6955615128316407,2308
delta,own,B,negligible,0.20103986135181975,0.1698748438903927,0.23616244013503965,2308
delta,own,B,unresolved,0.06802426343154246,0.050972350470954206,0.08965816803338028,2308
delta,own,C,dominance_positive,0.06542461005199307,0.04221135853856556,0.0891137567417225,2308
delta,own,C,reversal,0.6655112651646448,0.6279434458831287,0.6955615128316407,2308
delta,own,C,negligible,0.20103986135181975,0.1698748438903927,0.23616244013503965,2308
delta,own,C,unresolved,0.06802426343154246,0.050972350470954206,0.08965816803338028,2308
delta,own,B_pm,dominance_positive,0.0025996533795493936,0.0,0.007229928068969166,2308
delta,own,B_pm,reversal,0.5563258232235702,0.49736410086578037,0.60644255360719,2308
delta,own,B_pm,negligible,0.17244367417677642,0.1366988198568968,0.21283290545974076,2308
delta,own,B_pm,unresolved,0.268630849220104,0.22251053666424278,0.32451752883407564,2308
delta,own,C_pm,dominance_positive,0.0025996533795493936,0.0,0.007229928068969166,2308
delta,own,C_pm,reversal,0.5563258232235702,0.49736410086578037,0.60644255360719,2308
delta,own,C_pm,negligible,0.17244367417677642,0.1366988198568968,0.21283290545974076,2308
delta,own,C_pm,unresolved,0.268630849220104,0.22251053666424278,0.32451752883407564,2308
