band,rule,portfolio,j,mean,q10,q90,n
1-3,delta,actual,1,-0.0010943841488451876,-0.0030918125016614795,-8.156250087267836e-06,41
1-3,delta,actual,2,-0.003522244452956717,-0.010343294353224336,-9.592239127904633e-05,41
1-3,delta,actual,3,-0.005505901343375772,-0.01667254434665665,-0.00012741031608197063,41
1-3,delta,actual,4,-0.007124601691478054,-0.021772032639710233,-0.00018603749742396758,41
1-3,delta,actual,5,-0.04656155634957607,-0.05923532661399804,-0.0357414553331364,41
1-3,delta,actual,6,-0.021453989607009113,-0.04972262762719765,-0.005516596240601816,41
1-3,delta,actual,7,-0.0089636484274377,-0.027058667300734668,-0.0004403944104888069,41
1-3,delta,actual,8,-0.006963914730872436,-0.02050383456517011,-0.0004522361860721702,41
1-3,delta,actual,9,-0.006634355166094911,-0.020745914415165316,-0.0005494000681641609,41
1-3,delta,actual,10,-0.005150963298871615,-0.016961043828150012,-0.0003390622883731709,41
1-3,delta,actual,11,0.000762929435213443,-0.0012298278426595777,0.0022812499199062588,41
1-3,delta,actual,12,0.012406050913802511,0.0018593751976732165,0.03146058885421252,41
1-3,delta,actual,13,0.009036523392478289,0.001527765206513264,0.020764157770090927,41
1-3,delta,actual,14,0.006119921403470006,0.0008350239561268021,0.012166854330414239,41
1-3,delta,actual,15,0.005161680381679839,0.00029480599401079916,0.010156249681022017,41
1-3,delta,actual,16,0.00462889278796577,-2.044558300440258e-11,0.010210937182419002,41
1-3,delta,actual,17,0.004656331812310583,-2.044558300440258e-11,0.010210937182419002,41
1-3,delta,actual,18,0.004672337909882917,-2.044558300440258e-11,0.010210937182419002,41
1-3,delta,actual,19,0.004686057422112111,-2.044558300440258e-11,0.010242187182884664,41
1-3,delta,actual,20,0.004700539130894314,-2.044558300440258e-11,0.010210937182419002,41
1-3,delta,actual,21,0.004691392787307029,-2.044558300440258e-11,0.010242187182884664,41
1-3,delta,actual,22,0.004695203759963813,-2.044558300440258e-11,0.010179687181953341,41
1-3,delta,actual,23,0.004693679370208285,-2.044558300440258e-11,0.010179687181953341,41
1-3,delta,actual,24,0.004692154978124453,-2.044558300440258e-11,0.010148437174502761,41
1-3,delta,actual,25,0.004692154978124453,-2.044558300440258e-11,0.010148437174502761,41
1-3,delta,actual,26,0.004692154978124453,-2.044558300440258e-11,0.010148437174502761,41
1-3,delta,actual,27,0.004692154978124453,-2.044558300440258e-11,0.010148437174502761,41
1-3,delta,actual,28,0.004692154978124453,-2.044558300440258e-11,0.010148437174502761,41
1-3,delta,actual,29,0.004692154978124453,-2.044558300440258e-11,0.010148437174502761,41
1-3,delta,actual,30,0.004692154978124453,-2.044558300440258e-11,0.010148437174502761,41
1-3,delta,own,1,-0.001371956086137377,-0.0030918125016614795,-0.00011537500111444388,41
1-3,delta,own,2,-0.0038791956909564607,-0.010343294353224336,-0.000206811584657291,41
1-3,delta,own,3,-0.0059911354874254774,-0.01667254434665665,-0.0002728731321167582,41
1-3,delta,own,4,-0.007675880002425397,-0.021772032639710233,-0.000312260453035437,41
1-3,delta,own,5,-0.04736908392844225,-0.06138333135400899,-0.0357414553331364,41
1-3,delta,own,6,-0.02227416875563152,-0.04972262762719765,-0.005516596240601816,41
1-3,delta,own,7,-0.009412081787345658,-0.026709910676581784,-0.0006772788433291357,41
1-3,delta,own,8,-0.007906930333046338,-0.021996199421118946,-0.0006955956390875731,41
1-3,delta,own,9,-0.008064991311870006,-0.02224211437191116,-0.0008451078371281843,41
1-3,delta,own,10,-0.006592609754469278,-0.018132501275366888,-0.0007161846411690931,41
1-3,delta,own,11,-0.0004058743312645492,-0.0012494395082467235,0.0002206220077096077,41
1-3,delta,own,12,0.011827866546436817,0.001913943392684061,0.031674306733283704,41
1-3,delta,own,13,0.007804149147509779,0.0012637141976676247,0.020904172813269797,41
1-3,delta,own,14,0.004267382989136924,0.0006915412777390628,0.011433789446699922,41
1-3,delta,own,15,0.0015078654234961554,0.00024453668458697565,0.004041245147335832,41
1-3,delta,own,16,-8.337368471763125e-12,-2.9220245778560636e-10,2.2207184535716352e-10,41
1-3,delta,own,17,-8.337368471763125e-12,-2.9220245778560636e-10,2.2207184535716352e-10,41
1-3,delta,own,18,-8.337368471763125e-12,-2.9220245778560636e-10,2.2207184535716352e-10,41
1-3,delta,own,19,-8.337368471763125e-12,-2.9220245778560636e-10,2.2207184535716352e-10,41
1-3,delta,own,20,-8.337368471763125e-12,-2.9220245778560636e-10,2.2207184535716352e-10,41
1-3,delta,own,21,-8.337368471763125e-12,-2.9220245778560636e-10,2.2207184535716352e-10,41
1-3,delta,own,22,-8.337368471763125e-12,-2.9220245778560636e-10,2.2207184535716352e-10,41
1-3,delta,own,23,-8.337368471763125e-12,-2.9220245778560636e-10,2.2207184535716352e-10,41
1-3,delta,own,24,-8.337368471763125e-12,-2.9220245778560636e-10,2.2207184535716352e-10,41
1-3,delta,own,25,-8.337368471763125e-12,-2.9220245778560636e-10,2.2207184535716352e-10,41
1-3,delta,own,26,-8.337368471763125e-12,-2.9220245778560636e-10,2.2207184535716352e-10,41
1-3,delta,own,27,-8.337368471763125e-12,-2.9220245778560636e-10,2.2207184535716352e-10,41
1-3,delta,own,28,-8.337368471763125e-12,-2.9220245778560636e-10,2.2207184535716352e-10,41
1-3,delta,own,29,-8.337368471763125e-12,-2.9220245778560636e-10,2.2207184535716352e-10,41
1-3,delta,own,30,-8.337368471763125e-12,-2.9220245778560636e-10,2.2207184535716352e-10,41
1-3,new,actual,1,-0.00018940548932111663,-0.0011093750182772056,0.0,41
1-3,new,actual,2,-0.001723653359151241,-0.004991305759176612,0.0,41
1-3,new,actual,3,-0.0030751333133567397,-0.009475629455409943,0.0,41
1-3,new,actual,4,-0.004286466845788244,-0.013400796260684729,0.0,41
1-3,new,actual,5,-0.005222511253825094,-0.016704493877477945,0.0,41
1-3,new,actual,6,-0.005940138361808843,-0.018870966895483433,-0.00017299640181590804,41
1-3,new,actual,7,-0.006441665448452118,-0.020547330523841084,-0.0003241154698480386,41
1-3,new,actual,8,-0.006817557711240891,-0.021686616776278242,-0.00045068279738188724,41
1-3,new,actual,9,-0.0069743521102377205,-0.02221885342907626,-0.0005494001555052818,41
1-3,new,actual,10,-0.00567156410811635,-0.01815816960588563,-0.0004948099695684505,41
1-3,new,actual,11,0.00015149773105918034,-0.0012977695040171965,0.0018203124636784196,41
1-3,new,actual,12,0.011767586679746457,0.001749999975436367,0.03147538535937201,41
1-3,new,actual,13,0.008379483253841904,0.0014272196397723746,0.020778953011031262,41
1-3,new,actual,14,0.005392556764668731,0.0007795710822756518,0.011842501454520971,41
1-3,new,actual,15,0.00443050476721202,0.00027508172370289686,0.010187499962048605,41
1-3,new,actual,16,0.003867991563071755,-1.2514647096395492e-11,0.009703125040396117,41
1-3,new,actual,17,0.0038375037574554624,-1.2514647096395492e-11,0.009703125040396117,41
1-3,new,actual,18,0.003763570829070204,-1.2514647096395492e-11,0.009703125040396117,41
1-3,new,actual,19,0.0036294244859485813,-1.2514647096395492e-11,0.009703125040396117,41
1-3,new,actual,20,0.0034053391198223403,-1.2514647096395492e-11,0.009703125040396117,41
1-3,new,actual,21,0.002990704973435447,-1.2514647096395492e-11,0.009703125040396117,41
1-3,new,actual,22,0.0025288147265686758,-1.6007106751203538e-11,0.009703125040396117,41
1-3,new,actual,23,0.0017650952191210283,-1.6007106751203538e-11,0.010749938094522803,41
1-3,new,actual,24,0.0010097598560386218,-1.6007106751203538e-11,0.010749938094522803,41
1-3,new,actual,25,0.002469363510145746,-1.6007106751203538e-11,0.010749938094522803,41
1-3,new,actual,26,0.003196497656191912,-1.6007106751203538e-11,0.010749938094522803,41
1-3,new,actual,27,0.003642381798842157,-1.6007106751203538e-11,0.010749938094522803,41
1-3,new,actual,28,0.004051680571118423,1.0231815394945442e-14,0.009703125040396117,41
1-3,new,actual,29,0.004058540327318202,1.0231815394945442e-14,0.009703125040396117,41
1-3,new,actual,30,0.004058540327318202,1.0231815394945442e-14,0.009703125040396117,41
1-3,new,own,1,-0.0003193242246180023,-0.0010844839108176529,0.0,41
1-3,new,own,2,-0.001983477132119488,-0.005166649334132672,0.0,41
1-3,new,own,3,-0.003476557729218479,-0.009475629455409943,0.0,41
1-3,new,own,4,-0.004780897314961227,-0.013400796260684729,0.0,41
1-3,new,own,5,-0.005875380555240199,-0.016704493877477945,0.0,41
1-3,new,own,6,-0.006714219015278952,-0.018870966895483433,-0.0002660885837394744,41
1-3,new,own,7,-0.007373739622037497,-0.02055617980193347,-0.0004985388714703732,41
1-3,new,own,8,-0.007832659667278011,-0.021702925469726325,-0.0006932367119588889,41
1-3,new,own,9,-0.00806490092259612,-0.02224109150993172,-0.0008451078098732978,41
1-3,new,own,10,-0.006592609526704348,-0.018132492006407118,-0.0007161846653252723,41
1-3,new,own,11,-0.0004058743301705019,-0.0012494394689565524,0.00022062174393795432,41
1-3,new,own,12,0.011827866547530864,0.0019139438589490965,0.031674306708737276,41
1-3,new,own,13,0.007804149148603829,0.0012637146639326601,0.020904172788723373,41
1-3,new,own,14,0.004267382990230971,0.0006915417440040983,0.011433789422153496,41
1-3,new,own,15,0.001507865424590203,0.00024453715085201113,0.004041245122789405,41
1-3,new,own,16,-7.24332117320822e-12,-4.656612873077393e-11,4.307366907596588e-11,41
1-3,new,own,17,-7.24332117320822e-12,-4.656612873077393e-11,4.307366907596588e-11,41
1-3,new,own,18,-7.24332117320822e-12,-4.656612873077393e-11,4.307366907596588e-11,41
1-3,new,own,19,-7.24332117320822e-12,-4.656612873077393e-11,4.307366907596588e-11,41
1-3,new,own,20,-7.24332117320822e-12,-4.656612873077393e-11,4.307366907596588e-11,41
1-3,new,own,21,-7.24332117320822e-12,-4.656612873077393e-11,4.307366907596588e-11,41
1-3,new,own,22,-7.24332117320822e-12,-4.656612873077393e-11,4.307366907596588e-11,41
1-3,new,own,23,-7.24332117320822e-12,-4.656612873077393e-11,4.307366907596588e-11,41
1-3,new,own,24,-7.24332117320822e-12,-4.656612873077393e-11,4.307366907596588e-11,41
1-3,new,own,25,-7.24332117320822e-12,-4.656612873077393e-11,4.307366907596588e-11,41
1-3,new,own,26,-7.24332117320822e-12,-4.656612873077393e-11,4.307366907596588e-11,41
1-3,new,own,27,-7.24332117320822e-12,-4.656612873077393e-11,4.307366907596588e-11,41
1-3,new,own,28,-7.24332117320822e-12,-4.656612873077393e-11,4.307366907596588e-11,41
1-3,new,own,29,-7.24332117320822e-12,-4.656612873077393e-11,4.307366907596588e-11,41
1-3,new,own,30,-7.24332117320822e-12,-4.656612873077393e-11,4.307366907596588e-11,41
1-3,old,actual,1,0.000904978659524071,-0.0004765624989522621,0.0028765937406569717,41
1-3,old,actual,2,0.0017985910938054768,2.270098775625229e-11,0.005176645019091665,41
1-3,old,actual,3,0.002430768030019033,0.00010937497194390744,0.006860341669525951,41
1-3,old,actual,4,0.0028381348456898107,1.987529828639367e-05,0.007892041307641193,41
1-3,old,actual,5,0.04133904509575098,0.034799485784024003,0.05107031254796311,41
1-3,old,actual,6,0.01551385124520027,0.005171874805819243,0.03085166073171422,41
1-3,old,actual,7,0.0025219829789855795,0.00017873997185876263,0.006347795109031722,41
1-3,old,actual,8,0.00014635701963154602,1.9438089239542932e-07,0.0003010967350564897,41
1-3,old,actual,9,-0.0003399969441428105,-2.6377165340818463e-10,5.53691367895226e-05,41
1-3,old,actual,10,-0.000520600809244735,-1.5881168704368065e-06,1.4772119874919555e-05,41
1-3,old,actual,11,-0.0006114317041542625,-4.687507927883416e-05,7.812620024196804e-06,41
1-3,old,actual,12,-0.0006384642340560554,-6.293951077761317e-05,6.4285999520638515e-06,41
1-3,old,actual,13,-0.0006570401386363833,-6.294191410219252e-05,6.4285751839252006e-06,41
1-3,old,actual,14,-0.0007273646388012755,-6.294191410219252e-05,1.762019799102573e-05,41
1-3,old,actual,15,-0.0007311756144678196,-6.294191410219252e-05,1.762019799102573e-05,41
1-3,old,actual,16,-0.000760901224894015,-0.00012500014156103135,3.124980779830366e-05,41
1-3,old,actual,17,-0.0008188280548551208,-0.0001853876245033764,3.125028102658689e-05,41
1-3,old,actual,18,-0.0009087670808127125,-0.0001853876245033764,6.250028149224817e-05,41
1-3,old,actual,19,-0.0010566329361635304,-0.0001853876245033764,3.124992072116584e-05,41
1-3,old,actual,20,-0.0012952000110719735,-0.0001853876245033764,0.0001495971044313467,41
1-3,old,actual,21,-0.0017006878138715832,-0.0001853876245033764,0.0001495971044313467,41
1-3,old,actual,22,-0.002166389033395136,-0.0001853876245033764,0.0002499998890561983,41
1-3,old,actual,23,-0.0029285841510872587,-0.0001853876245033764,0.0002499998890561983,41
1-3,old,actual,24,-0.0036823951220858317,-0.0001853876245033764,0.0001495971044313467,41
1-3,old,actual,25,-0.002222791467978708,-0.0001853876245033764,3.125003888271749e-05,41
1-3,old,actual,26,-0.0014956573219325412,-0.0001853876245033764,1.762019799102573e-05,41
1-3,old,actual,27,-0.0010497731792822955,-0.0001853876245033764,1.762019799102573e-05,41
1-3,old,actual,28,-0.0006404744070060298,-6.294191410219252e-05,2.5318542818836103e-06,41
1-3,old,actual,29,-0.0006336146508062506,-9.39830176438592e-06,2.5318542818836103e-06,41
1-3,old,actual,30,-0.0006336146508062506,-9.39830176438592e-06,2.5318542818836103e-06,41
1-3,old,own,1,0.0010526318615193748,0.00011537500111444388,0.0028765937406569717,41
1-3,old,own,2,0.0018957185588369728,0.000206811584657291,0.005176645019091665,41
1-3,old,own,3,0.0025145777582069994,0.0002728731321167582,0.006860341669525951,41
1-3,old,own,4,0.0028949826874641693,0.000312260453035437,0.007892041307641193,41
1-3,old,own,5,0.04149370337320206,0.034799485784024003,0.0511193602727144,41
1-3,old,own,6,0.01555994974035257,0.005250507656862341,0.03085166073171422,41
1-3,old,own,7,0.002038342165308163,0.00017873997185876263,0.005783018179936334,41
1-3,old,own,8,7.427066576832642e-05,1.5550207535852677e-06,0.0002392016618978232,41
1-3,old,own,9,9.038927388744219e-08,-2.5447661755606533e-10,2.3449054424418135e-07,41
1-3,old,own,10,2.2776493012093976e-10,-2.6377165340818463e-10,2.935121301561594e-10,41
1-3,old,own,11,1.0940472985548991e-12,-2.6377165340818463e-10,2.7894657250726594e-10,41
1-3,old,own,12,1.0940472985548991e-12,-2.6377165340818463e-10,2.7894657250726594e-10,41
1-3,old,own,13,1.0940472985548991e-12,-2.6377165340818463e-10,2.7894657250726594e-10,41
1-3,old,own,14,1.0940472985548991e-12,-2.6377165340818463e-10,2.7894657250726594e-10,41
1-3,old,own,15,1.0940472985548991e-12,-2.6377165340818463e-10,2.7894657250726594e-10,41
1-3,old,own,16,1.0940472985548991e-12,-2.6377165340818463e-10,2.7894657250726594e-10,41
1-3,old,own,17,1.0940472985548991e-12,-2.6377165340818463e-10,2.7894657250726594e-10,41
1-3,old,own,18,1.0940472985548991e-12,-2.6377165340818463e-10,2.7894657250726594e-10,41
1-3,old,own,19,1.0940472985548991e-12,-2.6377165340818463e-10,2.7894657250726594e-10,41
1-3,old,own,20,1.0940472985548991e-12,-2.6377165340818463e-10,2.7894657250726594e-10,41
1-3,old,own,21,1.0940472985548991e-12,-2.6377165340818463e-10,2.7894657250726594e-10,41
1-3,old,own,22,1.0940472985548991e-12,-2.6377165340818463e-10,2.7894657250726594e-10,41
1-3,old,own,23,1.0940472985548991e-12,-2.6377165340818463e-10,2.7894657250726594e-10,41
1-3,old,own,24,1.0940472985548991e-12,-2.6377165340818463e-10,2.7894657250726594e-10,41
1-3,old,own,25,1.0940472985548991e-12,-2.6377165340818463e-10,2.7894657250726594e-10,41
1-3,old,own,26,1.0940472985548991e-12,-2.6377165340818463e-10,2.7894657250726594e-10,41
1-3,old,own,27,1.0940472985548991e-12,-2.6377165340818463e-10,2.7894657250726594e-10,41
1-3,old,own,28,1.0940472985548991e-12,-2.6377165340818463e-10,2.7894657250726594e-10,41
1-3,old,own,29,1.0940472985548991e-12,-2.6377165340818463e-10,2.7894657250726594e-10,41
1-3,old,own,30,1.0940472985548991e-12,-2.6377165340818463e-10,2.7894657250726594e-10,41
11-16,delta,actual,1,0.0016329146760458396,-0.0029936892566038297,0.006115247720852494,79
11-16,delta,actual,2,0.002953637206693108,-0.006464935449708718,0.011537119979970157,79
11-16,delta,actual,3,0.004168807443015686,-0.009553334702242863,0.016637773248832675,79
11-16,delta,actual,4,0.005005582384204464,-0.014237807708850596,0.021395112441852694,79
11-16,delta,actual,5,0.006492983971206628,-0.013748210060914402,0.021613461494445804,79
11-16,delta,actual,6,0.007649565265427505,-0.013850417381651353,0.02375639015575871,79
11-16,delta,actual,7,0.008336227637783179,-0.014934872256695613,0.02581527884863317,79
11-16,delta,actual,8,0.00577757799253474,-0.032206919886217295,0.026975492535857484,79
11-16,delta,actual,9,0.0027085323760100014,-0.03481067751442083,0.029195432874839753,79
11-16,delta,actual,10,-0.0028267719328504627,-0.0720282266344875,0.031016371471458113,79
11-16,delta,actual,11,-0.009358061123622832,-0.08156736241316093,0.029462146273672916,79
11-16,delta,actual,12,-0.011049864252023478,-0.04936822937152465,0.020537233565018635,79
11-16,delta,actual,13,-0.00722748340393614,-0.01816438006482349,0.019086891578044753,79
11-16,delta,actual,14,-0.0031069962098685573,-0.011184568277493505,0.021259508090330715,79
11-16,delta,actual,15,-0.01580539631500636,-0.08577451879603903,0.019086891578044753,79
11-16,delta,actual,16,-0.019263674514165257,-0.100924999815923,0.02387060413649306,79
11-16,delta,actual,17,-0.006344766234805587,-0.01891874974608743,0.022392762800678617,79
11-16,delta,actual,18,-0.0051351143249426965,-0.011095312475050443,0.021395112441852694,79
11-16,delta,actual,19,-0.005763674426998182,-0.011095312475050443,0.019086891578044753,79
11-16,delta,actual,20,-0.006179418111859992,-0.011095312475050443,0.019086891578044753,79
11-16,delta,actual,21,-0.0063570288754444095,-0.011095312475050443,0.019086891578044753,79
11-16,delta,actual,22,-0.0064048927984399345,-0.011095312475050443,0.019086891578044753,79
11-16,delta,actual,23,-0.00641201304758448,-0.011095312475050443,0.019086891578044753,79
11-16,delta,actual,24,-0.0064120130471129215,-0.011095312475050443,0.019086891578044753,79
11-16,delta,actual,25,-0.0064120130471129215,-0.011095312475050443,0.019086891578044753,79
11-16,delta,actual,26,-0.0064120130471129215,-0.011095312475050443,0.019086891578044753,79
11-16,delta,actual,27,-0.0064120130471129215,-0.011095312475050443,0.019086891578044753,79
11-16,delta,actual,28,-0.0064120130471129215,-0.011095312475050443,0.019086891578044753,79
11-16,delta,actual,29,-0.0064120130471129215,-0.011095312475050443,0.019086891578044753,79
11-16,delta,actual,30,-0.0064120130471129215,-0.011095312475050443,0.019086891578044753,79
11-16,delta,own,1,0.002868014816329931,-0.0020668876694981,0.00725715552456677,79
11-16,delta,own,2,0.005294013998896986,-0.0043048164888750745,0.013688383851200343,79
11-16,delta,own,3,0.00759029398988155,-0.006768951578531412,0.019905220927670598,79
11-16,delta,own,4,0.009720636434624445,-0.009520002233097328,0.02583870880305767,79
11-16,delta,own,5,0.01416425707309384,-0.009352580299717372,0.0343566605206579,79
11-16,delta,own,6,0.017965308550572878,-0.006407347803242198,0.04113732091151178,79
11-16,delta,own,7,0.021263000446424846,-0.006609661118889385,0.04790962627902627,79
11-16,delta,own,8,0.02233967192846707,-0.008539250520880315,0.054607782976701866,79
11-16,delta,own,9,0.0203685412883493,-0.022862181569862305,0.06107630694960244,79
11-16,delta,own,10,0.0136539645371485,-0.07903693651428675,0.06650986518313198,79
11-16,delta,own,11,0.0032779116308629275,-0.07472324155572278,0.06019745267066242,79
11-16,delta,own,12,-0.012563003180729313,-0.060712828747986336,0.020236437996150207,79
11-16,delta,own,13,-0.015640662376300185,-0.05701669936149847,0.01151416732912253,79
11-16,delta,own,14,0.0025111884763888656,-0.009669326867646306,0.017138489363300324,79
11-16,delta,own,15,-0.019499871472715063,-0.05097147875543987,0.00039813344272556834,79
11-16,delta,own,16,-0.02903441454070487,-0.07706875029887304,0.014287499684727664,79
11-16,delta,own,17,-0.007422072719416864,-0.02273124959009857,0.0029749999946361654,79
11-16,delta,own,18,-0.0017943037192134086,-0.011625000012319104,0.007975000746926527,79
11-16,delta,own,19,-0.0007840188849254892,-0.006437500330506736,0.003406249966498991,79
11-16,delta,own,20,-0.0003706486438445481,-0.0031187502551983924,0.0011625007719683828,79
11-16,delta,own,21,-0.00014873408994174053,-0.0009375001025764504,0.00028125072257954994,79
11-16,delta,own,22,-2.966763344389324e-05,-0.00015624971228771762,9.374991750934221e-05,79
11-16,delta,own,23,-1.1866994814887566e-05,-6.250022286627657e-05,1.0849253158379954e-09,79
11-16,delta,own,24,-1.1866136415960258e-06,-6.098332505470594e-10,6.717928044963628e-10,79
11-16,delta,own,25,9.532526350795265e-11,-5.00796886626631e-10,6.667847073371647e-10,79
11-16,delta,own,26,9.532526350795265e-11,-5.00796886626631e-10,6.667847073371647e-10,79
11-16,delta,own,27,9.532526350795265e-11,-5.00796886626631e-10,6.667847073371647e-10,79
11-16,delta,own,28,9.532526350795265e-11,-5.00796886626631e-10,6.667847073371647e-10,79
11-16,delta,own,29,9.532526350795265e-11,-5.00796886626631e-10,6.667847073371647e-10,79
11-16,delta,own,30,9.532526350795265e-11,-5.00796886626631e-10,6.667847073371647e-10,79
11-16,new,actual,1,0.0031924842968487324,0.0,0.007636467276141048,79
11-16,new,actual,2,0.006177875544773445,0.0,0.014806512366980317,79
11-16,new,actual,3,0.009179705982700678,0.0,0.022031439743936065,79
11-16,new,actual,4,0.011905988262910276,0.0,0.029310542872175577,79
11-16,new,actual,5,0.013393389824326548,0.0,0.030190532894805076,79
11-16,new,actual,6,0.014582217385952069,0.0,0.03098007446341217,79
11-16,new,actual,7,0.01580767757807032,0.0,0.031818292656913404,79
11-16,new,actual,8,0.017066548409171056,0.0,0.03262736001610757,79
11-16,new,actual,9,0.018367015606528658,0.0,0.03516913102194667,79
11-16,new,actual,10,0.019616203545020378,0.0,0.035973347818478954,79
11-16,new,actual,11,0.020526436479413004,0.0,0.03879427550639957,79
11-16,new,actual,12,0.02090082706230861,0.0,0.03997154036595021,79
11-16,new,actual,13,0.022885990250218452,0.0,0.04595543999737129,79
11-16,new,actual,14,0.025138990235479317,0.0,0.05428751676110551,79
11-16,new,actual,15,0.02784604896307291,0.0,0.06698658349132165,79
11-16,new,actual,16,0.031390539755546946,0.0,0.0843749999873835,79
11-16,new,actual,17,0.04249853030096214,0.0,0.14263750004488976,79
11-16,new,actual,18,0.038260001821717814,0.0,0.14789375037979333,79
11-16,new,actual,19,0.03165240689636165,0.0,0.13575000012712554,79
11-16,new,actual,20,0.025636188534863824,0.0,0.10520624997420237,79
11-16,new,actual,21,0.020199875233774763,0.0,0.06890624990896323,79
11-16,new,actual,22,0.015113245482730686,0.0,0.037574789442354845,79
11-16,new,actual,23,0.010597818266096674,-3.183231456205237e-14,0.0326810876056552,79
11-16,new,actual,24,0.007951061931495019,-5.1671577239176256e-11,0.026795279070734986,79
11-16,new,actual,25,0.00688816635293289,-5.3745679906569416e-11,0.026795279070734986,79
11-16,new,actual,26,0.006583973309275961,-6.569848665094466e-11,0.026795279070734986,79
11-16,new,actual,27,0.00650446381427293,-7.198491402959915e-11,0.026795279070734986,79
11-16,new,actual,28,0.006487058750722434,-2.1257437765598298e-10,0.026795279070734986,79
11-16,new,actual,29,0.006485476472217843,-2.1257437765598298e-10,0.026795279070734986,79
11-16,new,actual,30,0.006485476472217843,-2.1257437765598298e-10,0.026795279070734986,79
11-16,new,own,1,0.00462504844137653,0.00043548508998355847,0.008957354705780744,79
11-16,new,own,2,0.008946961990241985,0.0008322622174309804,0.017401612181216476,79
11-16,new,own,3,0.013306749944300894,0.001219960415284732,0.025934325087815523,79
11-16,new,own,4,0.01770704438929594,0.001527606617688435,0.03444945986568928,79
11-16,new,own,5,0.02215068256453994,0.0017837022316089142,0.043000581022351984,79
11-16,new,own,6,0.0259830923224315,0.0043066358584910635,0.04982979664206505,79
11-16,new,own,7,0.02981930209536851,0.006235388269647957,0.056658879563212396,79
11-16,new,own,8,0.03365820086947544,0.00650706903153332,0.06340835393965245,79
11-16,new,own,9,0.03749791015814281,0.006627156595277485,0.07011287589929999,79
11-16,new,own,10,0.041025461715844355,0.006570949322718662,0.07622451481223107,79
11-16,new,own,11,0.04352168091854423,0.00639543814803983,0.0805227831248194,79
11-16,new,own,12,0.04451751058825259,0.006265849388171775,0.08223140415269883,79
11-16,new,own,13,0.04946046224614636,0.005654028482582363,0.09037023237254471,79
11-16,new,own,14,0.05437946377622344,0.0048002654025858646,0.0984545032279566,79
11-16,new,own,15,0.05899142595480976,0.00439975347910695,0.10437960453750567,79
11-16,new,own,16,0.06225988922218787,0.001349999971886064,0.10641249981173313,79
11-16,new,own,17,0.07755893989103183,0.00014374992283683246,0.15808750026812776,79
11-16,new,own,18,0.06798061710180675,5.624999008742296e-05,0.15340625037357677,79
11-16,new,own,19,0.052409810153880965,2.4999950268811433e-05,0.13575000012712554,79
11-16,new,own,20,0.03784770571673438,2.3442225938197226e-12,0.10520624997420237,79
11-16,new,own,21,0.02511075950769527,3.35319327859912e-13,0.07401250024093316,79
11-16,new,own,22,0.014213212016269976,-2.7966962079517524e-11,0.04403750035376289,79
11-16,new,own,23,0.00603599680162809,-8.364099812752101e-11,0.018056250491412372,79
11-16,new,own,24,0.0019141613348944407,-2.1736673261329995e-10,0.0055750004455912975,79
11-16,new,own,25,0.0004905062557826064,-2.248361852252856e-10,0.0013750004929024753,79
11-16,new,own,26,0.00010482586902137941,-2.682718331925571e-10,0.00031875027786009064,79
11-16,new,own,27,2.0173968878429422e-05,-3.5407356335781514e-10,3.750086913350978e-05,79
11-16,new,own,28,1.977766075639307e-06,-3.6646088119596243e-10,4.749745130538943e-10,79
11-16,new,own,29,-8.205509874945588e-11,-3.7951394915580747e-10,2.9662624001503027e-10,79
11-16,new,own,30,-8.205509874945588e-11,-3.7951394915580747e-10,2.9662624001503027e-10,79
11-16,old,actual,1,0.0015595696208028924,0.0,0.003546475015464241,79
11-16,old,actual,2,0.0032242383380803367,0.0,0.007763929700478915,79
11-16,old,actual,3,0.005010898539684988,0.0,0.011703537694411358,79
11-16,old,actual,4,0.0069004058787058165,0.0,0.01579138082289138,79
11-16,old,actual,5,0.006900405853119922,0.0,0.01579138082289138,79
11-16,old,actual,6,0.006932652120524564,0.0,0.015828506448534948,79
11-16,old,actual,7,0.007471449940287145,0.0,0.016673532719529503,79
11-16,old,actual,8,0.011288970416636316,0.0,0.03747823825279379,79
11-16,old,actual,9,0.015658483230518654,0.0,0.03895681993302629,79
11-16,old,actual,10,0.022442975477870844,0.0,0.07721630497439767,79
11-16,old,actual,11,0.02988449760303584,0.0,0.1032265141420121,79
11-16,old,actual,12,0.03195069131433209,0.0,0.10489823369821534,79
11-16,old,actual,13,0.030113473654154583,0.0,0.08416785731571147,79
11-16,old,actual,14,0.028245986445347867,0.0,0.07133125007354833,79
11-16,old,actual,15,0.04365144527807927,0.0,0.11756875005457601,79
11-16,old,actual,16,0.0506542142697122,0.0,0.15904999994356334,79
11-16,old,actual,17,0.048843296535767716,0.0,0.14934999977104987,79
11-16,old,actual,18,0.04339511614666051,0.0,0.1534312499434376,79
11-16,old,actual,19,0.03741608132335983,0.0,0.13870625015653837,79
11-16,old,actual,20,0.03181560664672381,0.0,0.11703593765222467,79
11-16,old,actual,21,0.026556904109219168,0.0,0.11274062505189796,79
11-16,old,actual,22,0.021518138281170624,0.0,0.08941249994828047,79
11-16,old,actual,23,0.017009831313681154,0.0,0.04395625004295618,79
11-16,old,actual,24,0.014363074978607941,-7.874041330069299e-11,0.016649999937365566,79
11-16,old,actual,25,0.013300179400045811,-1.4324905350804328e-10,0.011095312475262947,79
11-16,old,actual,26,0.012995986356388883,-1.8160790205001827e-10,0.011095312475262947,79
11-16,old,actual,27,0.012916476861385851,-1.8160790205001827e-10,0.011095312475262947,79
11-16,old,actual,28,0.012899071797835357,-3.3272061727984684e-10,0.011095312475262947,79
11-16,old,actual,29,0.012897489519330767,-4.2640812125682715e-10,0.011095312475262947,79
11-16,old,actual,30,0.012897489519330767,-4.2640812125682715e-10,0.011095312475262947,79
11-16,old,own,1,0.0017570336250465988,0.0004556687510339543,0.0031044812565669436,79
11-16,old,own,2,0.003652947991344999,0.0009595768455183133,0.006413794978521768,79
11-16,old,own,3,0.005716455954419342,0.0015231724692275747,0.009964691976085311,79
11-16,old,own,4,0.007986407954671497,0.002162424585665576,0.013805029412731536,79
11-16,old,own,5,0.007986425491446104,0.002162424585665576,0.013805029412731536,79
11-16,old,own,6,0.008017783771858621,0.002162424585665576,0.013830367290996955,79
11-16,old,own,7,0.008556301648943674,0.002162424585665576,0.014495201868303588,79
11-16,old,own,8,0.011318528941008387,0.002162424585665576,0.020502697672062104,79
11-16,old,own,9,0.017129368869793497,0.0021988800923572853,0.04259272971322019,79
11-16,old,own,10,0.027371497178695855,0.0023703132271184588,0.08856361217203619,79
11-16,old,own,11,0.04024376928768131,0.004924370526227932,0.08989814949850553,79
11-16,old,own,12,0.057080513768981885,0.012372792428171863,0.10435170482611283,79
11-16,old,own,13,0.06510112462244655,0.011293058282949686,0.1311124272098532,79
11-16,old,own,14,0.05186827529983458,0.010025000133440532,0.10159999984925258,79
11-16,old,own,15,0.07849129742752482,0.0038374998219871947,0.13775624998107602,79
11-16,old,own,16,0.09129430376289276,0.0004625001989243175,0.17185624974006522,79
11-16,old,own,17,0.08498101261044869,9.375034893326983e-05,0.16760624976429553,79
11-16,old,own,18,0.06977492082102016,6.250011202132555e-05,0.1534312499434376,79
11-16,old,own,19,0.05319382903880647,2.499952929792928e-05,0.13443124985618973,79
11-16,old,own,20,0.03821835436057893,1.1726660886779436e-10,0.10503125038190297,79
11-16,old,own,21,0.02525949359763701,-3.725290298461912e-11,0.07445624960305317,79
11-16,old,own,22,0.014242879649713866,-1.1186983783773028e-10,0.04450625003909525,79
11-16,old,own,23,0.006047863796442979,-3.086024662479758e-10,0.0180562499416398,79
11-16,old,own,24,0.0019153479485360364,-4.5308843260594145e-10,0.005574999895818725,79
11-16,old,own,25,0.0004905061604573429,-5.140900611877441e-10,0.0013750000739267162,79
11-16,old,own,26,0.00010482577369611586,-5.90051058679819e-10,0.0003187505544395159,79
11-16,old,own,27,2.0173873553165914e-05,-7.5978459790349e-10,3.750011837427367e-05,79
11-16,old,own,28,1.9776707503757926e-06,-7.5978459790349e-10,4.490866558626296e-10,79
11-16,old,own,29,-1.7738036226289816e-10,-7.5978459790349e-10,3.4585696084832323e-10,79
11-16,old,own,30,-1.7738036226289816e-10,-7.5978459790349e-10,3.4585696084832323e-10,79
17-30,delta,actual,1,0.0015868594265828638,0.0,0.006037696989951654,175
17-30,delta,actual,2,0.003079951909519641,0.0,0.011678912993753328,175
17-30,delta,actual,3,0.004618188082704316,0.0,0.017361029434017836,175
17-30,delta,actual,4,0.006089441509587841,0.0,0.023103689261712135,175
17-30,delta,actual,5,0.007942905236503196,0.0,0.03000499540288001,175
17-30,delta,actual,6,0.009556415560069424,0.0,0.03570178308989853,175
17-30,delta,actual,7,0.011403255129349374,0.0,0.04156891514640301,175
17-30,delta,actual,8,0.013606386555655202,0.0,0.047630525178276005,175
17-30,delta,actual,9,0.01613055276025339,0.0,0.056192227649036794,175
17-30,delta,actual,10,0.018517902629874457,0.0,0.06216893230040153,175
17-30,delta,actual,11,0.020221124772773814,0.0,0.06216893230040153,175
17-30,delta,actual,12,0.01785452126386686,0.0,0.06216893230040153,175
17-30,delta,actual,13,0.01297945939324434,0.0,0.04302386658079921,175
17-30,delta,actual,14,0.008981363246451247,0.0,0.018492983883069688,175
17-30,delta,actual,15,0.006456383369949175,-0.0027636607748979134,0.017022826591751063,175
17-30,delta,actual,16,0.0022618581863615597,-0.023581250622603987,0.020249833856418237,175
17-30,delta,actual,17,0.0030650724645800297,-0.013093749652442994,0.015630197331542146,175
17-30,delta,actual,18,0.003840965318303602,-0.011499820483599169,0.014759374736538343,175
17-30,delta,actual,19,0.005014893886190487,-0.005757970989431124,0.013879555302913212,175
17-30,delta,actual,20,0.005879536751214994,-0.002056250492017426,0.013879555302913212,175
17-30,delta,actual,21,0.006135965321129502,-0.0007687502017922265,0.013879555302913212,175
17-30,delta,actual,22,0.006224001027786352,-0.00015625014814474447,0.013879555302913212,175
17-30,delta,actual,23,0.006242751024646463,-5.937476761573629e-05,0.013879555302913212,175
17-30,delta,actual,24,0.0062429296014527595,-6.552793349328533e-06,0.013879555302913212,175
17-30,delta,actual,25,0.006243465314934875,-9.4660747158512e-10,0.013879555302913212,175
17-30,delta,actual,26,0.006243643886406021,-9.4660747158512e-10,0.013879555302913212,175
17-30,delta,actual,27,0.006243643886406021,-9.4660747158512e-10,0.013879555302913212,175
17-30,delta,actual,28,0.006243643886406021,-9.4660747158512e-10,0.013879555302913212,175
17-30,delta,actual,29,0.006243643886406021,-9.4660747158512e-10,0.013879555302913212,175
17-30,delta,actual,30,0.006243643886406021,-9.4660747158512e-10,0.013879555302913212,175
17-30,delta,own,1,0.002298745162927363,0.0,0.00726598605257459,175
17-30,delta,own,2,0.004442717118871948,0.0,0.013939737936481832,175
17-30,delta,own,3,0.00661795800431376,0.0,0.020593010359909382,175
17-30,delta,own,4,0.008822571501365669,0.0,0.027358736437512556,175
17-30,delta,own,5,0.011518491168701087,0.0,0.035588778115576127,175
17-30,delta,own,6,0.013749177025450636,0.0,0.04239135577878914,175
17-30,delta,own,7,0.01605641255435892,0.0,0.04942161849024705,175
17-30,delta,own,8,0.018451690028764595,0.0,0.056736963529838244,175
17-30,delta,own,9,0.020947500217898617,0.0,0.06436145682400092,175
17-30,delta,own,10,0.023292398758998658,0.0,0.0721527399609331,175
17-30,delta,own,11,0.024397125833716754,0.0,0.07710968854604289,175
17-30,delta,own,12,0.019478741321404473,0.0,0.06332985733312105,175
17-30,delta,own,13,0.011929523564701162,0.0,0.030883702235301853,175
17-30,delta,own,14,0.006177506784120367,0.0,0.017054154516605195,175
17-30,delta,own,15,0.001834286568723316,-0.00804637349413417,0.016344511381820588,175
17-30,delta,own,16,-0.005605357164934374,-0.03682499977587659,0.011825000121283645,175
17-30,delta,own,17,-0.004361607163710351,-0.020618750038789584,0.005181249974659723,175
17-30,delta,own,18,-0.003004464302310019,-0.01534375035756966,0.0041124998532513155,175
17-30,delta,own,19,-0.0016382143206943268,-0.008618749837856739,0.003406249717175398,175
17-30,delta,own,20,-0.0006033928811865105,-0.0037499997924773415,0.0017937500235633472,175
17-30,delta,own,21,-0.00019392858911794372,-0.0009562497949114003,0.0004124998378030306,175
17-30,delta,own,22,-4.232145586938891e-05,-0.00029999976074759606,0.0001250003134487054,175
17-30,delta,own,23,4.2856802848923335e-06,-3.1250947946247764e-05,6.249997722352425e-05,175
17-30,delta,own,24,1.249971049607325e-06,-5.245262855689547e-10,9.889659131206984e-10,175
17-30,delta,own,25,-1.786007860851152e-07,-4.4295484255552074e-10,2.9630317210406475e-10,175
17-30,delta,own,26,-2.8889191477722764e-11,-4.2417420331036786e-10,2.9630317210406475e-10,175
17-30,delta,own,27,-2.8889191477722764e-11,-4.2417420331036786e-10,2.9630317210406475e-10,175
17-30,delta,own,28,-2.8889191477722764e-11,-4.2417420331036786e-10,2.9630317210406475e-10,175
17-30,delta,own,29,-2.8889191477722764e-11,-4.2417420331036786e-10,2.9630317210406475e-10,175
17-30,delta,own,30,-2.8889191477722764e-11,-4.2417420331036786e-10,2.9630317210406475e-10,175
17-30,new,actual,1,0.0017893329981868453,0.0,0.006562898591160774,175
17-30,new,actual,2,0.0035084000416984074,0.0,0.012870675224810838,175
17-30,new,actual,3,0.005304822481110352,0.0,0.019416726578027007,175
17-30,new,actual,4,0.007046604712615083,0.0,0.02623457019589841,175
17-30,new,actual,5,0.008927657725822146,0.0,0.03329720619134604,175
17-30,new,actual,6,0.010552016263945502,0.0,0.038934487428516136,175
17-30,new,actual,7,0.012319570120173073,0.0,0.04479108809679746,175
17-30,new,actual,8,0.014268260332065316,0.0,0.050852698128670444,175
17-30,new,actual,9,0.01642140246298417,0.0,0.05713964090123772,175
17-30,new,actual,10,0.018762945364161145,0.0,0.06313137592002749,175
17-30,new,actual,11,0.020687723038707077,0.0,0.06655689534195698,175
17-30,new,actual,12,0.02230733344346442,0.0,0.07310131273744627,175
17-30,new,actual,13,0.02526766180529009,0.0,0.08327968759206124,175
17-30,new,actual,14,0.028652511068513953,0.0,0.09604991448612417,175
17-30,new,actual,15,0.031655924057720254,0.0,0.09943019703542813,175
17-30,new,actual,16,0.03544586315672832,0.0,0.10424389963777501,175
17-30,new,actual,17,0.043466934587423164,0.0,0.1374562498596497,175
17-30,new,actual,18,0.05030175602142287,0.0,0.1460499997057486,175
17-30,new,actual,19,0.05585050603154235,0.0,0.14969374985713513,175
17-30,new,actual,20,0.05858800604356972,0.0,0.15054999984908465,175
17-30,new,actual,21,0.058012291764497105,0.0,0.152975000005099,175
17-30,new,actual,22,0.05445854177850419,0.0,0.1446749996820581,175
17-30,new,actual,23,0.04934086322075542,0.0,0.1241995788438944,175
17-30,new,actual,24,0.04493032750353204,0.0,0.11801250015864206,175
17-30,new,actual,25,0.04154157750097223,0.0,0.1336625005573132,175
17-30,new,actual,26,0.03818104178676901,0.0,0.11836081081852896,175
17-30,new,actual,27,0.038636398940935075,-2.2190215531736603e-10,0.1265000001166772,175
17-30,new,actual,28,0.03296854179544361,-4.188041202723979e-10,0.11158391154184936,175
17-30,new,actual,29,0.013490506050911203,-5.189212970435619e-10,0.06814237174019216,175
17-30,new,actual,30,0.012513898899249075,-7.602221785418805e-10,0.06814237174019216,175
17-30,new,own,1,0.002582382127586477,0.0,0.008196113588288426,175
17-30,new,own,2,0.005041043271363128,0.0,0.01600126197002828,175
17-30,new,own,3,0.0075695220108069694,0.0,0.023999514434486627,175
17-30,new,own,4,0.010176415390809285,0.0,0.032212399002164605,175
17-30,new,own,5,0.012872335058144705,0.0,0.0406663713697344,175
17-30,new,own,6,0.015103020914894252,0.0,0.04760735225491225,175
17-30,new,own,7,0.01741025644380254,0.0,0.05475267887674272,175
17-30,new,own,8,0.019805657054765318,0.0,0.062130476603284475,175
17-30,new,own,9,0.02230428180824268,0.0,0.06929144787415861,175
17-30,new,own,10,0.024696616137230492,0.0,0.07596803734079004,175
17-30,new,own,11,0.026452907175958315,0.0,0.08080946783535183,175
17-30,new,own,12,0.027177940154411898,0.0,0.08291821821359918,175
17-30,new,own,13,0.031022063802246366,0.0,0.09638450619159267,175
17-30,new,own,14,0.03539750678572407,0.0,0.1091230798056349,175
17-30,new,own,15,0.040673929450154245,0.0,0.12399273691233247,175
17-30,new,own,16,0.04756678570818649,0.0,0.13353749988391064,175
17-30,new,own,17,0.06105624999508755,0.0,0.15402499979082493,175
17-30,new,own,18,0.07118071428636849,0.0,0.16991250004387984,175
17-30,new,own,19,0.07764910713992708,0.0,0.16566249991534276,175
17-30,new,own,20,0.07972089287751448,0.0,0.1682249998464249,175
17-30,new,own,21,0.07676232147450653,0.0,0.1696062500886619,175
17-30,new,own,22,0.06981642863911137,0.0,0.16374374956515383,175
17-30,new,own,23,0.06147482151202552,8.750000130385175e-05,0.15614374984928872,175
17-30,new,own,24,0.055746250078917224,0.0004812500081025065,0.14716250013950014,175
17-30,new,own,25,0.050621428643909026,0.0001562500435538823,0.14223124996786282,175
17-30,new,own,26,0.042692857217665914,3.125000046566129e-05,0.1335375001162337,175
17-30,new,own,27,0.04518428578767621,-1.0358053259551523e-10,0.14864374995604157,175
17-30,new,own,28,0.033928571497286675,-1.5948899090290066e-10,0.1330687501121574,175
17-30,new,own,29,0.0012417857370974022,-3.5483390092849727e-10,0.00394374979753047,175
17-30,new,own,30,9.256953197629103e-12,-5.80213963985443e-10,6.393092917278406e-10,175
17-30,old,actual,1,0.0002024735716039816,0.0,0.0007476937513565644,175
17-30,old,actual,2,0.0004284481321787657,0.0,0.0015762280068593098,175
17-30,old,actual,3,0.0006866343984060366,0.0,0.0025049833907978608,175
17-30,old,actual,4,0.0009571632030272432,0.0,0.0032366408330126418,175
17-30,old,actual,5,0.0009847524893189488,0.0,0.0032366408330126418,175
17-30,old,actual,6,0.0009956007038760771,0.0,0.0032366408330126418,175
17-30,old,actual,7,0.0009163149908237001,0.0,0.0032366408330126418,175
17-30,old,actual,8,0.0006618737764101157,0.0,0.00357023225876037,175
17-30,old,actual,9,0.00029084970273077985,0.0,0.004021849581389687,175
17-30,old,actual,10,0.00024504273428668517,0.0,0.004261482376838103,175
17-30,old,actual,11,0.00046659826593326345,0.0,0.005400139425881206,175
17-30,old,actual,12,0.004452812179597558,0.0,0.02018471783815505,175
17-30,old,actual,13,0.01228820241204575,0.0,0.04989843778556677,175
17-30,old,actual,14,0.01967114782206271,0.0,0.08064375027681127,175
17-30,old,actual,15,0.025199540687771076,0.0,0.09302499983667482,175
17-30,old,actual,16,0.03318400497036676,0.0,0.12594375020473278,175
17-30,old,actual,17,0.040401862122843135,0.0,0.14486874997644314,175
17-30,old,actual,18,0.04646079070311927,0.0,0.14987500002619342,175
17-30,old,actual,19,0.05083561214535187,0.0,0.15215625006055308,175
17-30,old,actual,20,0.05270846929235473,0.0,0.15473732020199898,175
17-30,old,actual,21,0.051876326443367586,0.0,0.15163749970293125,175
17-30,old,actual,22,0.04823454075071784,0.0,0.1446711515155189,175
17-30,old,actual,23,0.04309811219610895,0.0,0.12418952094033357,175
17-30,old,actual,24,0.038687397902079285,0.0,0.11801250016473204,175
17-30,old,actual,25,0.03529811218603736,0.0,0.13366250045124792,175
17-30,old,actual,26,0.03193739790036299,0.0,0.11826875060586098,175
17-30,old,actual,27,0.03239275505452905,-1.3180809332880007e-10,0.12650000008996168,175
17-30,old,actual,28,0.0267248979090376,-3.352000024214874e-10,0.09452499978069678,175
17-30,old,actual,29,0.0072468621645051835,-4.917209253108009e-10,0.01147500008996575,175
17-30,old,actual,30,0.006270255012843052,-8.353963494300839e-10,0.005080837147077542,175
17-30,old,own,1,0.00028363696465911353,0.0,0.0008952312516048549,175
17-30,old,own,2,0.0005983261524911793,0.0,0.0018884984031319616,175
17-30,old,own,3,0.000951564006493211,0.0,0.0030034607497509565,175
17-30,old,own,4,0.0013538438894436177,0.0,0.0042732297284528604,175
17-30,old,own,5,0.0013538438894436177,0.0,0.0042732297284528604,175
17-30,old,own,6,0.0013538438894436177,0.0,0.0042732297284528604,175
17-30,old,own,7,0.0013538438894436177,0.0,0.0042732297284528604,175
17-30,old,own,8,0.0013539670260007241,0.0,0.0042732297284528604,175
17-30,old,own,9,0.0013567815903440666,0.0,0.0042732297284528604,175
17-30,old,own,10,0.001404217378231834,0.0,0.004579324102733494,175
17-30,old,own,11,0.0020557813422415546,0.0,0.0060653494535945355,175
17-30,old,own,12,0.007699198833007424,0.0,0.023575004552900923,175
17-30,old,own,13,0.0190925402375452,0.0,0.0618720097626792,175
17-30,old,own,14,0.029220000001603706,0.0,0.09199374998323037,175
17-30,old,own,15,0.03883964288143092,0.0,0.112956250049785,175
17-30,old,own,16,0.053172142873120866,0.0,0.14547499999708755,175
17-30,old,own,17,0.06541785715879789,0.0,0.16551250026514752,175
17-30,old,own,18,0.0741851785886785,0.0,0.1756187500253877,175
17-30,old,own,19,0.0792873214606214,0.0,0.16918124975962565,175
17-30,old,own,20,0.080324285758701,0.0,0.17247499994770987,175
17-30,old,own,21,0.07695625006362446,0.0,0.16975624994220562,175
17-30,old,own,22,0.06985875009498077,0.0,0.16361250002777766,175
17-30,old,own,23,0.06147053583174062,8.750000130385175e-05,0.1560562497229143,175
17-30,old,own,24,0.05574500010786762,0.0004812500081025065,0.14716250024939098,175
17-30,old,own,25,0.05062160724469511,0.00015624944563023748,0.1422312499985689,175
17-30,old,own,26,0.04269285724655509,3.124993410892785e-05,0.1335375002137698,175
17-30,old,own,27,0.045184285816565396,0.0,0.14864374996488913,175
17-30,old,own,28,0.03392857152617587,-2.1056621335446833e-10,0.13306875011185182,175
17-30,old,own,29,0.0012417857659865938,-4.0088741570798447e-10,0.003943749810037841,175
17-30,old,own,30,3.814614466206885e-11,-5.851826925251657e-10,8.145834726747123e-10,175
4-10,delta,actual,1,-0.0037040726796625932,-0.007325636346358806,0.0,91
4-10,delta,actual,2,-0.007238526056331183,-0.013593749976716935,0.0,91
4-10,delta,actual,3,-0.010369389755125647,-0.018457129659364,0.0,91
4-10,delta,actual,4,-0.013269421824115757,-0.022953124989871867,0.0,91
4-10,delta,actual,5,-0.017515179215308943,-0.035948493308387695,0.0,91
4-10,delta,actual,6,-0.02398673238250251,-0.048384347659593915,0.0,91
4-10,delta,actual,7,-0.022595390130822054,-0.04614843757706694,0.0,91
4-10,delta,actual,8,-0.02245515069427714,-0.055031250116298905,0.0,91
4-10,delta,actual,9,-0.02317313576431365,-0.06964843738533091,0.0,91
4-10,delta,actual,10,-0.020862471014952293,-0.06526450175835975,0.0,91
4-10,delta,actual,11,-0.013130730630321075,-0.037156157715435255,0.0,91
4-10,delta,actual,12,-0.005679839861353329,-0.02823292010025559,0.011343750058440492,91
4-10,delta,actual,13,-0.005964415958594799,-0.028242672058637796,0.008062500056694262,91
4-10,delta,actual,14,-0.007295065878456292,-0.027205021679264023,0.004325562519681512,91
4-10,delta,actual,15,-0.005842547134032735,-0.02751427125665,0.007136858714045502,91
4-10,delta,actual,16,-0.006346946610537508,-0.027572531730632725,0.004325562519681512,91
4-10,delta,actual,17,-0.006693100453099112,-0.027541281730167063,0.004052364605308441,91
4-10,delta,actual,18,-0.006528265285551853,-0.027541281730167063,0.004325562519681512,91
4-10,delta,actual,19,-0.006412537259316355,-0.026729284110340458,0.004325562519681512,91
4-10,delta,actual,20,-0.006418375170442243,-0.026729284110340458,0.004325562519681512,91
4-10,delta,actual,21,-0.0064152845100320975,-0.026729284110340458,0.004325562519681512,91
4-10,delta,actual,22,-0.0064108202216927096,-0.026729284110340458,0.004325562519681512,91
4-10,delta,actual,23,-0.006411163628265648,-0.026729284110340458,0.004325562519681512,91
4-10,delta,actual,24,-0.006410476815094187,-0.026729284110340458,0.004325562519681512,91
4-10,delta,actual,25,-0.006410476815094187,-0.026729284110340458,0.004325562519681512,91
4-10,delta,actual,26,-0.006410476815094187,-0.026729284110340458,0.004325562519681512,91
4-10,delta,actual,27,-0.006410476815094187,-0.026729284110340458,0.004325562519681512,91
4-10,delta,actual,28,-0.006410476815094187,-0.026729284110340458,0.004325562519681512,91
4-10,delta,actual,29,-0.006410476815094187,-0.026729284110340458,0.004325562519681512,91
4-10,delta,actual,30,-0.006410476815094187,-0.026729284110340458,0.004325562519681512,91
4-10,delta,own,1,-0.004306288988402946,-0.007325636346358806,-0.002222171472385526,91
4-10,delta,own,2,-0.00846127245230517,-0.013477589441463352,-0.005262127405439969,91
4-10,delta,own,3,-0.012380637030116558,-0.01888328799046576,-0.0072457151720300315,91
4-10,delta,own,4,-0.016006999424048266,-0.024913955442607404,-0.009511055618495447,91
4-10,delta,own,5,-0.020061405349362283,-0.035948493308387695,-0.01062748285784437,91
4-10,delta,own,6,-0.02725404214484846,-0.048391489451460074,-0.011038048123009504,91
4-10,delta,own,7,-0.03540083961260391,-0.06275544521933625,-0.012582645702687145,91
4-10,delta,own,8,-0.0435480116605104,-0.08680825227042079,-0.005203218813112471,91
4-10,delta,own,9,-0.03965576440699046,-0.10208077104693984,-0.003625567565813981,91
4-10,delta,own,10,-0.027622952521179075,-0.09648234734137077,-0.0009101430174132475,91
4-10,delta,own,11,-0.008803254193638622,-0.035809746318245746,5.89886505395043e-05,91
4-10,delta,own,12,0.0027060849996683027,-0.006189786647023112,0.011970717687819956,91
4-10,delta,own,13,0.0021817196597736046,-0.001412040389013498,0.007904129679974971,91
4-10,delta,own,14,0.0004063985183388554,-0.004413111159701657,0.004325562519681512,91
4-10,delta,own,15,0.0016553557444719475,3.3591476267247344e-11,0.00463638368579268,91
4-10,delta,own,16,7.898356444527975e-05,-1.7902635818245472e-10,0.0002500003277049245,91
4-10,delta,own,17,6.868596492494551e-07,-1.812765770825564e-10,3.8972018501226556e-10,91
4-10,delta,own,18,1.030266247773205e-06,-1.7902635818245472e-10,3.4559434425318615e-10,91
4-10,delta,own,19,4.645220195401221e-11,-1.7864032031411625e-10,3.239796342313639e-10,91
4-10,delta,own,20,4.645220195401221e-11,-1.7864032031411625e-10,3.239796342313639e-10,91
4-10,delta,own,21,4.645220195401221e-11,-1.7864032031411625e-10,3.239796342313639e-10,91
4-10,delta,own,22,4.645220195401221e-11,-1.7864032031411625e-10,3.239796342313639e-10,91
4-10,delta,own,23,4.645220195401221e-11,-1.7864032031411625e-10,3.239796342313639e-10,91
4-10,delta,own,24,4.645220195401221e-11,-1.7864032031411625e-10,3.239796342313639e-10,91
4-10,delta,own,25,4.645220195401221e-11,-1.7864032031411625e-10,3.239796342313639e-10,91
4-10,delta,own,26,4.645220195401221e-11,-1.7864032031411625e-10,3.239796342313639e-10,91
4-10,delta,own,27,4.645220195401221e-11,-1.7864032031411625e-10,3.239796342313639e-10,91
4-10,delta,own,28,4.645220195401221e-11,-1.7864032031411625e-10,3.239796342313639e-10,91
4-10,delta,own,29,4.645220195401221e-11,-1.7864032031411625e-10,3.239796342313639e-10,91
4-10,delta,own,30,4.645220195401221e-11,-1.7864032031411625e-10,3.239796342313639e-10,91
4-10,new,actual,1,-0.00013447858334359977,-0.001958374045789242,0.001923973720986396,91
4-10,new,actual,2,-0.00028949101447421865,-0.0037155857542529704,0.003539868723601103,91
4-10,new,actual,3,-0.000385440560058461,-0.0052777926088310775,0.0049756892677396535,91
4-10,new,actual,4,-0.0005064103536400682,-0.006625018568011001,0.006079432592960074,91
4-10,new,actual,5,-0.000611953046559871,-0.007733425396727398,0.007071677908534184,91
4-10,new,actual,6,-0.0006672386544008325,-0.008430861717206426,0.0076832670136354865,91
4-10,new,actual,7,-0.000765544577524038,-0.008944856791640633,0.0084296875417931,91
4-10,new,actual,8,-0.0008193582163250493,-0.011588460290804506,0.009163774948972333,91
4-10,new,actual,9,-0.0008536761383211108,-0.012625359786616172,0.009158710800197695,91
4-10,new,actual,10,-0.000388923154519894,-0.010275530699582305,0.00913281253655441,91
4-10,new,actual,11,0.0016225578886799393,-0.0012410872578038834,0.00915155081355124,91
4-10,new,actual,12,0.005642458362472518,-4.334652330726385e-06,0.019471959697129934,91
4-10,new,actual,13,0.004059625995715037,-2.1092589945510555e-05,0.014674418808936026,91
4-10,new,actual,14,0.0024702327576696724,-2.4136777422398837e-05,0.010028927118110004,91
4-10,new,actual,15,0.001823850401237375,-1.3281069503108256e-05,0.008047309196135756,91
4-10,new,actual,16,0.0010735718056649537,-1.0477378979602963e-11,0.007634791805176064,91
4-10,new,actual,17,0.0006587366462642102,-1.1059455584400829e-11,0.007709488903492457,91
4-10,new,actual,18,0.0008864152199852677,-1.1059455584400829e-11,0.0092207956573111,91
4-10,new,actual,19,0.001124395990357163,-1.1059455584400829e-11,0.0092207956573111,91
4-10,new,actual,20,0.0012864838987453704,-1.1059455584400829e-11,0.0092207956573111,91
4-10,new,actual,21,0.0014605910388494829,-1.1059455584400829e-11,0.007857980092558137,91
4-10,new,actual,22,0.00161855807081867,-1.1059455584400829e-11,0.007709488903492457,91
4-10,new,actual,23,0.0018060580679581796,-1.1059455573558808e-11,0.007634791805176064,91
4-10,new,actual,24,0.0018517311435149754,-1.1059455584400829e-11,0.007709488903492457,91
4-10,new,actual,25,0.001880920704210394,-1.1059455584400829e-11,0.0076825972730735085,91
4-10,new,actual,26,0.0019544097161921328,-1.3387762014434312e-11,0.007709488903492457,91
4-10,new,actual,27,0.0023084619126434018,-1.513399183966993e-11,0.007709488903492457,91
4-10,new,actual,28,0.0029520058680681813,-1.513399183966993e-11,0.007709488903492457,91
4-10,new,actual,29,0.0019272805926572076,-1.513399183966993e-11,0.0076825972730735085,91
4-10,new,actual,30,0.0018771432292215688,-1.513399183966993e-11,0.0076825972730735085,91
4-10,new,own,1,0.0001942848474930537,-0.001958374045789242,0.00315646992996335,91
4-10,new,own,2,0.0003330944059598976,-0.0037155857542529704,0.005800858207512647,91
4-10,new,own,3,0.0004574284415588625,-0.0052777926088310775,0.008153643282130361,91
4-10,new,own,4,0.0005657899618703766,-0.006625018568011001,0.010184901957400143,91
4-10,new,own,5,0.0006563890538503625,-0.007733425396727398,0.011858914555050433,91
4-10,new,own,6,0.0007610816163191206,-0.008430861717206426,0.012899789303774015,91
4-10,new,own,7,0.0008460775028919959,-0.008944856791640633,0.013667653057491408,91
4-10,new,own,8,0.0009090424097102847,-0.009253608218859882,0.014130079973256215,91
4-10,new,own,9,0.0009471135830298208,-0.009330399188766023,0.014247331141814357,91
4-10,new,own,10,0.001452821861381613,-0.007619665058882674,0.014029670212803467,91
4-10,new,own,11,0.003453551166411028,-0.0009660903165058699,0.013648818469991966,91
4-10,new,own,12,0.007430381064921506,8.775496103226033e-06,0.02118906228686683,91
4-10,new,own,13,0.005715692150058636,9.634746518756288e-06,0.015863775664474816,91
4-10,new,own,14,0.003825354539645124,5.693496500498441e-06,0.011271568912125076,91
4-10,new,own,15,0.0018157265834986627,2.296405559718551e-06,0.00498331051023797,91
4-10,new,own,16,0.00010920330232446435,-1.5425030142068864e-11,0.0002499999920837581,91
4-10,new,own,17,8.928575222914028e-06,-2.1991581888869405e-11,3.124999480860424e-05,91
4-10,new,own,18,3.777476245057771e-06,-2.1991581888869405e-11,1.2456439435482026e-10,91
4-10,new,own,19,3.66129651627159e-12,-2.1991581888869405e-11,2.8448994271457196e-11,91
4-10,new,own,20,3.66129651627159e-12,-2.1991581888869405e-11,2.8448994271457196e-11,91
4-10,new,own,21,3.66129651627159e-12,-2.1991581888869405e-11,2.8448994271457196e-11,91
4-10,new,own,22,3.66129651627159e-12,-2.1991581888869405e-11,2.8448994271457196e-11,91
4-10,new,own,23,3.66129651627159e-12,-2.1991581888869405e-11,2.8448994271457196e-11,91
4-10,new,own,24,3.66129651627159e-12,-2.1991581888869405e-11,2.8448994271457196e-11,91
4-10,new,own,25,3.66129651627159e-12,-2.1991581888869405e-11,2.8448994271457196e-11,91
4-10,new,own,26,3.66129651627159e-12,-2.1991581888869405e-11,2.8448994271457196e-11,91
4-10,new,own,27,3.66129651627159e-12,-2.1991581888869405e-11,2.8448994271457196e-11,91
4-10,new,own,28,3.66129651627159e-12,-2.1991581888869405e-11,2.8448994271457196e-11,91
4-10,new,own,29,3.66129651627159e-12,-2.1991581888869405e-11,2.8448994271457196e-11,91
4-10,new,own,30,3.66129651627159e-12,-2.1991581888869405e-11,2.8448994271457196e-11,91
4-10,old,actual,1,0.0035695940963189946,0.0,0.006157156284898519,91
4-10,old,actual,2,0.006949035041856964,0.0,0.011990808239206672,91
4-10,old,actual,3,0.009983949195067189,0.0,0.017688273759558795,91
4-10,old,actual,4,0.012763011470475689,0.0,0.023523437498370187,91
4-10,old,actual,5,0.016903226168749067,0.0,0.030073969415389,91
4-10,old,actual,6,0.02331949372810167,0.0,0.03605362723377766,91
4-10,old,actual,7,0.021829845553298016,0.0,0.047234375044936314,91
4-10,old,actual,8,0.021635792477952095,0.0,0.06646875002130401,91
4-10,old,actual,9,0.022319459625992535,0.0,0.07392545336761998,91
4-10,old,actual,10,0.020473547860432397,0.0,0.0664921872864943,91
4-10,old,actual,11,0.014753288519001014,-7.21117121571524e-11,0.04117159255467413,91
4-10,old,actual,12,0.011322298223825845,-8.364054338017013e-11,0.03135916289815213,91
4-10,old,actual,13,0.010024041954309835,-1.2898233592295584e-10,0.02896952844943914,91
4-10,old,actual,14,0.009765298636125965,-2.4563632905483244e-10,0.02896954601081263,91
4-10,old,actual,15,0.0076663975352701105,-1.8203081708634273e-10,0.02860398943430109,91
4-10,old,actual,16,0.007420518416202462,-1.533771865069866e-10,0.028666489435232412,91
4-10,old,actual,17,0.007351837099363321,-1.533771865069866e-10,0.02896954601081263,91
4-10,old,actual,18,0.007414680505537121,-2.4563632905483244e-10,0.02896954601081263,91
4-10,old,actual,19,0.007536933249673519,-2.4563632905483244e-10,0.02896954601081263,91
4-10,old,actual,20,0.007704859069187614,-2.4563632905483244e-10,0.02896954601081263,91
4-10,old,actual,21,0.00787587554888158,-2.4563632905483244e-10,0.02896954601081263,91
4-10,old,actual,22,0.008029378292511382,-2.4563632905483244e-10,0.028635239434766754,91
4-10,old,actual,23,0.008217221696223829,-1.8553691917035097e-10,0.028635239434766754,91
4-10,old,actual,24,0.008262207958609161,-2.4563632905483244e-10,0.028725659199332725,91
4-10,old,actual,25,0.008291397519304581,-2.4563632905483244e-10,0.02896954601081263,91
4-10,old,actual,26,0.00836488653128632,-2.659692199900171e-10,0.02896954601081263,91
4-10,old,actual,27,0.00871893872773759,-2.780600993901317e-10,0.02896954601081263,91
4-10,old,actual,28,0.009362482683162369,-2.780600993901317e-10,0.02896954601081263,91
4-10,old,actual,29,0.008337757407751395,-2.780600993901317e-10,0.02896954601081263,91
4-10,old,actual,30,0.008287620044315757,-2.780600993901317e-10,0.02896954601081263,91
4-10,old,own,1,0.004500573835896001,0.002727406243793666,0.006772125037387013,91
4-10,old,own,2,0.008794366858265066,0.005157154854387045,0.013470657495781779,91
4-10,old,own,3,0.012838065471675422,0.0071108602220192555,0.020189047828316688,91
4-10,old,own,4,0.016572789385918642,0.008467025489080697,0.026902733175083994,91
4-10,old,own,5,0.020717794403212645,0.012142924595682416,0.03079859669727739,91
4-10,old,own,6,0.028015123761167583,0.014559188427346043,0.03791813217103481,91
4-10,old,own,7,0.03624691711549591,0.010216735233552755,0.07002532473066822,91
4-10,old,own,8,0.044457054070220686,0.0010762548353523017,0.09407420428920886,91
4-10,old,own,9,0.04060287799002027,1.4439835213124753e-05,0.11108701264718547,91
4-10,old,own,10,0.02907577438256069,2.1508771169465035e-07,0.09943128535989672,91
4-10,old,own,11,0.01225680536004965,-3.298520567796004e-11,0.04343124250415713,91
4-10,old,own,12,0.004724296065253204,-7.564025850115286e-11,0.01332191305802553,91
4-10,old,own,13,0.0035339724902850324,-8.364054338017013e-11,0.011600536488404032,91
4-10,old,own,14,0.003418956021306269,-8.371195292511402e-11,0.011593750035459038,91
4-10,old,own,15,0.00016037083902671544,-1.8203081708634273e-10,0.0005937497558443283,91
4-10,old,own,16,3.0219737879184596e-05,-2.780600993901317e-10,9.375003333843779e-05,91
4-10,old,own,17,8.241715573664572e-06,-2.780600993901317e-10,3.1250032407115214e-05,91
4-10,old,own,18,2.747209997284565e-06,-3.006994808707475e-10,2.601383974898397e-10,91
4-10,old,own,19,-4.279090543793126e-11,-3.006994808707475e-10,1.8118275463274715e-10,91
4-10,old,own,20,-4.279090543793126e-11,-3.006994808707475e-10,1.8118275463274715e-10,91
4-10,old,own,21,-4.279090543793126e-11,-3.006994808707475e-10,1.8118275463274715e-10,91
4-10,old,own,22,-4.279090543793126e-11,-3.006994808707475e-10,1.8118275463274715e-10,91
4-10,old,own,23,-4.279090543793126e-11,-3.006994808707475e-10,1.8118275463274715e-10,91
4-10,old,own,24,-4.279090543793126e-11,-3.006994808707475e-10,1.8118275463274715e-10,91
4-10,old,own,25,-4.279090543793126e-11,-3.006994808707475e-10,1.8118275463274715e-10,91
4-10,old,own,26,-4.279090543793126e-11,-3.006994808707475e-10,1.8118275463274715e-10,91
4-10,old,own,27,-4.279090543793126e-11,-3.006994808707475e-10,1.8118275463274715e-10,91
4-10,old,own,28,-4.279090543793126e-11,-3.006994808707475e-10,1.8118275463274715e-10,91
4-10,old,own,29,-4.279090543793126e-11,-3.006994808707475e-10,1.8118275463274715e-10,91
4-10,old,own,30,-4.279090543793126e-11,-3.006994808707475e-10,1.8118275463274715e-10,91
