rule,portfolio,measure,n,mean,q25,median,q75,q90
old,actual,band_ratio,386,1.3066734722289062,0.19076417960702546,1.1413373977635781,2.3096779909987557,2.707247441797957
old,actual,band_ratio_pm,386,2.4926853314182638,0.3815283592140509,2.246700434003314,4.56306994174548,5.3114579584004495
old,own,band_ratio,386,1.913594613425928,0.7842030103363185,2.257975666419039,2.6588650599581154,2.99424405367825
old,own,band_ratio_pm,386,3.636185736465241,1.409930308834589,4.484296197606694,5.259013879254364,5.755600393233225
new,actual,band_ratio,386,1.1257249475214723,0.17602009179657999,0.631127907099834,2.2696023569523174,2.650429127878085
new,actual,band_ratio_pm,386,2.1339253667842133,0.3483545547266123,1.262255814199668,4.456127550221679,5.210845950251338
new,own,band_ratio,386,1.581588854977098,0.222508247224516,2.134619192806854,2.541945973539285,2.8103649014871674
new,own,band_ratio_pm,386,2.9926851810452924,0.424083838528202,4.231266387480587,5.042103413992297,5.464345131237812
delta,actual,band_ratio,386,0.9955369027525766,0.1882355717213243,0.5635083320510755,1.6645624433557913,2.404241469798166
delta,actual,band_ratio_pm,386,1.9250397879194325,0.3730339822527207,1.0806418732771572,3.2999520623300675,4.664664735365084
delta,own,band_ratio,386,1.3724141897949136,0.42893322323998295,1.0231052876554767,2.3776964996206864,2.869531026496678
delta,own,band_ratio_pm,386,2.6305989802160306,0.8578664464799659,2.0362599324141186,4.669649918329431,5.6096890031121545
