season,day,n_worlds,team_games
2020-21,2021-03-21,32000,16
2020-21,2021-04-15,8000,32
2020-21,2021-04-16,32000,88
2020-21,2021-04-17,32000,48
2020-21,2021-04-24,32000,64
2020-21,2021-04-25,32000,56
2020-21,2021-05-09,8000,64
2021-22,2022-02-17,8000,40
2021-22,2022-03-01,32000,48
2021-22,2022-03-05,32000,48
2021-22,2022-03-10,8000,16
2021-22,2022-03-11,32000,80
2021-22,2022-03-15,32000,32
2021-22,2022-04-09,8000,32
2022-23,2023-02-12,8000,8
2022-23,2023-02-13,32000,88
2022-23,2023-03-07,32000,64
2022-23,2023-03-11,32000,80
2022-23,2023-03-13,32000,56
2022-23,2023-03-17,32000,64
2022-23,2023-03-29,32000,80
2023-24,2024-02-27,32000,88
2023-24,2024-03-03,32000,64
2023-24,2024-03-10,32000,72
2023-24,2024-03-15,32000,48
2023-24,2024-03-24,8000,48
2023-24,2024-03-29,32000,96
2023-24,2024-04-14,32000,120
2024-25,2025-02-19,2000,8
2024-25,2025-03-01,32000,48
2024-25,2025-03-08,32000,64
2024-25,2025-03-09,32000,64
2024-25,2025-03-21,32000,80
2024-25,2025-03-27,32000,64
2024-25,2025-04-09,32000,80
2025-26,2026-02-20,32000,72
2025-26,2026-02-25,32000,48
2025-26,2026-02-26,32000,80
2025-26,2026-03-03,32000,80
2025-26,2026-03-11,32000,48
2025-26,2026-03-14,32000,56
2025-26,2026-03-18,32000,72
